tile,ra,dec,good_fraction
CFIS_LSB.011.238.r,6.28844737330326,29.0,0.36335265
CFIS_LSB.012.237.r,6.827359087063981,28.5,0.69594392
CFIS_LSB.012.238.r,6.860124407239921,29.0,0.76126527
CFIS_LSB.012.239.r,6.893733249508504,29.5,0.70598107
CFIS_LSB.013.237.r,7.396305677652647,28.5,0.75967179
CFIS_LSB.013.238.r,7.431801441176581,29.0,0.69226976
CFIS_LSB.013.239.r,7.468211020300879,29.5,0.61647097
CFIS_LSB.014.237.r,7.965252268241311,28.5,0.61520331
CFIS_LSB.014.238.r,8.00347847511324,29.0,0.61253138
CFIS_LSB.014.239.r,8.042688791093255,29.5,0.65752423
CFIS_LSB.015.238.r,8.5751555090499,29.0,0.70943895
CFIS_LSB.067.174.r,33.54597359093035,-3.0,0.00486325
CFIS_LSB.068.174.r,34.04665976392931,-3.0,0.05968812
CFIS_LSB.068.173.r,34.0635353599101,-3.5,0.70326503
CFIS_LSB.068.169.r,34.15725321813835,-5.5,0.80855218
CFIS_LSB.069.174.r,34.547345936928274,-3.0,0.03724963
CFIS_LSB.069.173.r,34.564469703438185,-3.5,0.70547395
CFIS_LSB.069.170.r,34.63178439524548,-5.0,0.74588245
CFIS_LSB.069.169.r,34.65956576546392,-5.5,0.83929722
CFIS_LSB.069.168.r,34.69003564494132,-6.0,0.60312329
CFIS_LSB.070.174.r,35.048032109927235,-3.0,0.06784627
CFIS_LSB.070.173.r,35.06540404696628,-3.5,0.70958827
CFIS_LSB.070.170.r,35.13369431401716,-5.0,0.72466615
CFIS_LSB.070.169.r,35.16187831278948,-5.5,0.85058102
CFIS_LSB.070.168.r,35.192789784723075,-6.0,0.80367539
CFIS_LSB.071.174.r,35.548718282926195,-3.0,0.44016254
CFIS_LSB.071.170.r,35.63560423278883,-5.0,0.86143888
CFIS_LSB.071.169.r,35.66419086011504,-5.5,0.82478107
CFIS_LSB.071.168.r,35.69554392450483,-6.0,0.7942539
CFIS_LSB.072.169.r,36.16650340744061,-5.5,0.8685811
CFIS_LSB.073.174.r,36.55009062892412,-3.0,0.51184148
CFIS_LSB.074.174.r,37.05077680192308,-3.0,0.4336153
CFIS_LSB.074.173.r,37.06914142107863,-3.5,0.81750842
CFIS_LSB.075.174.r,37.55146297492204,-3.0,0.00825429
CFIS_LSB.075.173.r,37.57007576460673,-3.5,0.53445745
CFIS_LSB.076.173.r,38.071010108134814,-3.5,0.03306482
CFIS_LSB.100.303.r,104.7869266254201,61.5,0.43628052
CFIS_LSB.102.302.r,105.195932320993,61.0,0.33316183
CFIS_LSB.099.304.r,105.43769617538086,62.0,0.62518293
CFIS_LSB.101.303.r,105.83479589167428,61.5,0.66920878
CFIS_LSB.103.302.r,106.22726499080666,61.0,0.44560478
CFIS_LSB.078.317.r,106.41164928306767,68.5,0.76761913
CFIS_LSB.100.304.r,106.50272340947562,62.0,0.67579437
CFIS_LSB.102.303.r,106.88266515792849,61.5,0.70092162
CFIS_LSB.104.302.r,107.25859766062032,61.0,0.30643573
CFIS_LSB.077.318.r,107.4314822205754,69.0,0.69107801
CFIS_LSB.101.304.r,107.56775064357038,62.0,0.62457322
CFIS_LSB.079.317.r,107.77590119695316,68.5,0.73519823
CFIS_LSB.103.303.r,107.9305344241827,61.5,0.65471967
CFIS_LSB.081.316.r,108.1134200834376,68.0,0.77858317
CFIS_LSB.105.302.r,108.28993033043398,61.0,0.6325715
CFIS_LSB.102.304.r,108.63277787766512,62.0,0.6985659
CFIS_LSB.078.318.r,108.82669627538807,69.0,0.62327357
CFIS_LSB.104.303.r,108.97840369043688,61.5,0.72203367
CFIS_LSB.080.317.r,109.14015311083864,68.5,0.72629804
CFIS_LSB.082.316.r,109.4481536647146,68.0,0.75763164
CFIS_LSB.079.318.r,110.22191033020074,69.0,0.74232416
CFIS_LSB.081.317.r,110.50440502472414,68.5,0.67514822
CFIS_LSB.083.316.r,110.78288724599162,68.0,0.73254432
CFIS_LSB.082.317.r,111.86865693860962,68.5,0.72536966
CFIS_LSB.066.326.r,112.87001945449784,73.0,0.67879573
CFIS_LSB.065.327.r,114.43043696769368,73.5,0.71236691
CFIS_LSB.067.326.r,114.58017126441447,73.0,0.70260508
CFIS_LSB.069.325.r,114.73007855809487,72.5,0.64979649
CFIS_LSB.071.324.r,114.88041320124252,72.0,0.68535653
CFIS_LSB.066.327.r,116.19090522873512,73.5,0.74108275
CFIS_LSB.068.326.r,116.29032307433113,73.0,0.70419809
CFIS_LSB.070.325.r,116.3928333198064,72.5,0.72334885
CFIS_LSB.072.324.r,116.49844718999242,72.0,0.72597089
CFIS_LSB.074.323.r,116.60717626772976,71.5,0.68177835
CFIS_LSB.115.301.r,116.76939256910902,60.5,0.62451486
CFIS_LSB.114.302.r,117.57192435875687,61.0,0.76833278
CFIS_LSB.116.301.r,117.7847785914491,60.5,0.65278061
CFIS_LSB.067.327.r,117.95137348977656,73.5,0.73855159
CFIS_LSB.118.300.r,117.99999999999996,60.0,0.76052512
CFIS_LSB.069.326.r,118.00047488424777,73.0,0.66438905
CFIS_LSB.071.325.r,118.05558808151793,72.5,0.67445065
CFIS_LSB.073.324.r,118.11648117874232,72.0,0.64473734
CFIS_LSB.075.323.r,118.18294891999638,71.5,0.73767143
CFIS_LSB.115.302.r,118.60325702857055,61.0,0.70323008
CFIS_LSB.117.301.r,118.80016461378918,60.5,0.74369982
CFIS_LSB.119.300.r,118.99999999999996,60.0,0.69308115
CFIS_LSB.116.302.r,119.6345896983842,61.0,0.31866183
CFIS_LSB.070.326.r,119.7106266941644,73.0,0.37559844
CFIS_LSB.072.325.r,119.71834284322944,72.5,0.62903246
CFIS_LSB.074.324.r,119.7345151674922,72.0,0.62275884
CFIS_LSB.076.323.r,119.758721572263,71.5,0.67036558
CFIS_LSB.118.301.r,119.81555063612926,60.5,0.7067126
CFIS_LSB.120.300.r,119.99999999999996,60.0,0.53552553
CFIS_LSB.119.301.r,120.83093665846933,60.5,0.09318779
CFIS_LSB.075.324.r,121.3525491562421,72.0,0.6445586
CFIS_LSB.073.325.r,121.38109760494096,72.5,0.67309949
CFIS_LSB.071.326.r,121.420778504081,73.0,0.60977636
CFIS_LSB.069.327.r,121.47231001185943,73.5,0.30137463
CFIS_LSB.196.253.r,121.91225179661171,36.5,0.78458305
CFIS_LSB.195.254.r,122.083226670232,37.0,0.74490421
CFIS_LSB.198.252.r,122.37072977247918,36.0,0.78350494
CFIS_LSB.197.253.r,122.5342530812883,36.5,0.7370659
CFIS_LSB.196.254.r,122.70929449931012,37.0,0.77135921
CFIS_LSB.199.252.r,122.98876376122908,36.0,0.71755755
CFIS_LSB.074.325.r,123.04385236665247,72.5,0.69857651
CFIS_LSB.072.326.r,123.13093031399764,73.0,0.74340459
CFIS_LSB.198.253.r,123.1562543659649,36.5,0.71223219
CFIS_LSB.070.327.r,123.23277827290087,73.5,0.61247398
CFIS_LSB.197.254.r,123.33536232838824,37.0,0.73606138
CFIS_LSB.068.328.r,123.3504794704722,74.0,0.61840415
CFIS_LSB.201.251.r,123.44685457280954,35.5,0.71971401
CFIS_LSB.200.252.r,123.60679774997897,36.0,0.77451808
CFIS_LSB.199.253.r,123.77825565064148,36.5,0.75054558
CFIS_LSB.203.250.r,123.9086207592878,35.0,0.78158346
CFIS_LSB.198.254.r,123.96143015746634,37.0,0.77504489
CFIS_LSB.202.251.r,124.06101802839568,35.5,0.69246843
CFIS_LSB.201.252.r,124.22483173872888,36.0,0.67838786
CFIS_LSB.200.253.r,124.40025693531808,36.5,0.80270168
CFIS_LSB.204.250.r,124.51900805366851,35.0,0.78506538
CFIS_LSB.203.251.r,124.67518148398176,35.5,0.7202005
CFIS_LSB.075.325.r,124.70660712836398,72.5,0.54292839
CFIS_LSB.073.326.r,124.84108212391428,73.0,0.68721073
CFIS_LSB.202.252.r,124.84286572747877,36.0,0.66930713
CFIS_LSB.071.327.r,124.99324653394233,73.5,0.6046423
CFIS_LSB.205.250.r,125.12939534804924,35.0,0.67183338
CFIS_LSB.069.328.r,125.16445710974386,74.0,0.63175389
CFIS_LSB.204.251.r,125.2893449395679,35.5,0.71688703
CFIS_LSB.067.329.r,125.35624745074038,74.5,0.67701575
CFIS_LSB.203.252.r,125.46089971622864,36.0,0.67318831
CFIS_LSB.205.251.r,125.90350839515402,35.5,0.76263013
CFIS_LSB.074.326.r,126.55123393383091,73.0,0.65041227
CFIS_LSB.072.327.r,126.75371479498376,73.5,0.69925863
CFIS_LSB.070.328.r,126.97843474901552,74.0,0.52342342
CFIS_LSB.068.329.r,127.22723621866189,74.5,0.59021224
CFIS_LSB.075.326.r,128.26138574374755,73.0,0.72012044
CFIS_LSB.073.327.r,128.51418305602522,73.5,0.60043822
CFIS_LSB.071.328.r,128.79241238828718,74.0,0.35231853
CFIS_LSB.069.329.r,129.09822498658338,74.5,0.17378324
CFIS_LSB.180.272.r,129.56008856631536,46.0,0.59791601
CFIS_LSB.182.271.r,129.83135569038498,45.5,0.56509724
CFIS_LSB.076.326.r,129.97153755366418,73.0,0.68408353
CFIS_LSB.179.273.r,130.020200577294,46.5,0.75541901
CFIS_LSB.074.327.r,130.27465131706666,73.5,0.61631643
CFIS_LSB.181.272.r,130.2798668361282,46.0,0.5825341
CFIS_LSB.183.271.r,130.5447147875849,45.5,0.74767475
CFIS_LSB.072.328.r,130.6063900275588,74.0,0.45506619
CFIS_LSB.180.273.r,130.74657041292133,46.5,0.76832713
CFIS_LSB.070.329.r,130.9692137545049,74.5,0.58885904
CFIS_LSB.182.272.r,130.99964510594108,46.0,0.74495055
CFIS_LSB.215.250.r,131.23326829185652,35.0,0.77954124
CFIS_LSB.184.271.r,131.2580738847848,45.5,0.71684392
CFIS_LSB.079.325.r,131.35762617521007,72.5,0.78917272
CFIS_LSB.214.251.r,131.43097949542906,35.5,0.73093808
CFIS_LSB.181.273.r,131.47294024854867,46.5,0.81452243
CFIS_LSB.217.249.r,131.65459549516072,34.5,0.7565959
CFIS_LSB.077.326.r,131.68168936358083,73.0,0.75130476
CFIS_LSB.183.272.r,131.71942337575393,46.0,0.79324333
CFIS_LSB.226.242.r,131.82957388533234,31.0,0.78497268
CFIS_LSB.216.250.r,131.84365558623725,35.0,0.71079919
CFIS_LSB.185.271.r,131.97143298198475,45.5,0.80032777
CFIS_LSB.075.327.r,132.0351195781081,73.5,0.47166232
CFIS_LSB.215.251.r,132.04514295101518,35.5,0.78450592
CFIS_LSB.182.273.r,132.199310084176,46.5,0.74663451
CFIS_LSB.218.249.r,132.26129870020753,34.5,0.7452942
CFIS_LSB.228.241.r,132.30749983157816,30.5,0.73883116
CFIS_LSB.227.242.r,132.41289058394,31.0,0.74909468
CFIS_LSB.073.328.r,132.42036766683046,74.0,0.42725079
CFIS_LSB.184.272.r,132.4392016455668,46.0,0.78601353
CFIS_LSB.217.250.r,132.45404288061798,35.0,0.60695232
CFIS_LSB.226.243.r,132.529529717383,31.5,0.66138076
CFIS_LSB.216.251.r,132.6593064066013,35.5,0.71023687
CFIS_LSB.093.319.r,132.77846923948275,69.5,0.76735217
CFIS_LSB.071.329.r,132.84020252242638,74.5,0.663912
CFIS_LSB.219.249.r,132.86800190525437,34.5,0.75607609
CFIS_LSB.229.241.r,132.88779588347103,30.5,0.82121498
CFIS_LSB.228.242.r,132.99620728254766,31.0,0.73119918
CFIS_LSB.080.325.r,133.02038093692158,72.5,0.73246555
CFIS_LSB.218.250.r,133.0644301749987,35.0,0.74692068
CFIS_LSB.227.243.r,133.11594356569003,31.5,0.71827472
CFIS_LSB.217.251.r,133.27346986218743,35.5,0.57792533
CFIS_LSB.078.326.r,133.39184117349745,73.0,0.68500651
CFIS_LSB.230.241.r,133.46809193536393,30.5,0.56084863
CFIS_LSB.220.249.r,133.4747051103012,34.5,0.69349886
CFIS_LSB.229.242.r,133.57952398115535,31.0,0.73810305
CFIS_LSB.189.270.r,133.64318164425748,45.0,0.7813528
CFIS_LSB.219.250.r,133.67481746937943,35.0,0.567944
CFIS_LSB.228.243.r,133.70235741399702,31.5,0.68813744
CFIS_LSB.076.327.r,133.79558783914953,73.5,0.36918361
CFIS_LSB.191.269.r,133.89406219547433,44.5,0.65978278
CFIS_LSB.096.318.r,133.94054926201608,69.0,0.64553984
CFIS_LSB.188.271.r,134.11151027358449,45.5,0.56490717
CFIS_LSB.230.242.r,134.162840679763,31.0,0.73767763
CFIS_LSB.094.319.r,134.2061947151761,69.5,0.78010021
CFIS_LSB.074.328.r,134.2343453061021,74.0,0.66238759
CFIS_LSB.190.270.r,134.35028842544403,45.0,0.80552366
CFIS_LSB.092.320.r,134.49500240750197,70.0,0.76378149
CFIS_LSB.192.269.r,134.5950782279114,44.5,0.73457585
CFIS_LSB.056.336.r,134.67256165283558,78.0,0.0
CFIS_LSB.081.325.r,134.68313569863312,72.5,0.7498736
CFIS_LSB.072.329.r,134.71119129034787,74.5,0.72081898
CFIS_LSB.189.271.r,134.8248693707844,45.5,0.77066502
CFIS_LSB.191.270.r,135.05739520663056,45.0,0.81793528
CFIS_LSB.079.326.r,135.1019929834141,73.0,0.6103687
CFIS_LSB.193.269.r,135.2960942603484,44.5,0.80085082
CFIS_LSB.097.318.r,135.33576331682875,69.0,0.73845683
CFIS_LSB.054.337.r,135.42799687887518,78.5,0.0
CFIS_LSB.190.271.r,135.5382284679843,45.5,0.76979731
CFIS_LSB.077.327.r,135.55605610019097,73.5,0.61860076
CFIS_LSB.095.319.r,135.63392019086947,69.5,0.8379082
CFIS_LSB.192.270.r,135.7645019878171,45.0,0.71656399
CFIS_LSB.228.246.r,135.929415383298,33.0,0.65573391
CFIS_LSB.093.320.r,135.9569046075835,70.0,0.72183315
CFIS_LSB.194.269.r,135.99711029278546,44.5,0.76361253
CFIS_LSB.075.328.r,136.04832294537377,74.0,0.81141692
CFIS_LSB.227.247.r,136.1097610685336,33.5,0.78809653
CFIS_LSB.191.271.r,136.25158756518425,45.5,0.79126373
CFIS_LSB.052.338.r,136.261919668364,79.0,0.0
CFIS_LSB.059.335.r,136.29667630268628,77.5,0.00764018
CFIS_LSB.230.245.r,136.3542404549285,32.5,0.81403677
CFIS_LSB.193.270.r,136.47160876900367,45.0,0.73543223
CFIS_LSB.229.246.r,136.52559702971598,33.0,0.80280539
CFIS_LSB.073.329.r,136.5821800582694,74.5,0.63092141
CFIS_LSB.195.269.r,136.6981263252225,44.5,0.74852408
CFIS_LSB.228.247.r,136.70936354020117,33.5,0.68463422
CFIS_LSB.224.250.r,136.72675394128308,35.0,0.68943743
CFIS_LSB.098.318.r,136.73097737164142,69.0,0.71870666
CFIS_LSB.080.326.r,136.81214479333073,73.0,0.68395524
CFIS_LSB.231.245.r,136.94708497864556,32.5,0.68281235
CFIS_LSB.223.251.r,136.95845059570414,35.5,0.65102871
CFIS_LSB.192.271.r,136.96494666238416,45.5,0.74909275
CFIS_LSB.096.319.r,137.06164566656284,69.5,0.76277861
CFIS_LSB.210.260.r,137.06776537988927,40.0,0.76360262
CFIS_LSB.057.336.r,137.07742882520765,78.0,0.0
CFIS_LSB.226.249.r,137.11492434058212,34.5,0.79904002
CFIS_LSB.230.246.r,137.12177867613394,33.0,0.73398078
CFIS_LSB.194.270.r,137.17871555019022,45.0,0.72183465
CFIS_LSB.050.339.r,137.18510664967602,79.5,0.0
CFIS_LSB.229.247.r,137.3089660118687,33.5,0.73124051
CFIS_LSB.078.327.r,137.3165243612324,73.5,0.71124294
CFIS_LSB.225.250.r,137.3371412356638,35.0,0.68895534
CFIS_LSB.212.259.r,137.372502486404,39.5,0.79832413
CFIS_LSB.196.269.r,137.39914235765954,44.5,0.76447704
CFIS_LSB.094.320.r,137.41880680766508,70.0,0.71174945
CFIS_LSB.209.261.r,137.426591488587,40.5,0.84040782
CFIS_LSB.232.245.r,137.53992950236264,32.5,0.7918301
CFIS_LSB.224.251.r,137.57261405129023,35.5,0.68290504
CFIS_LSB.193.271.r,137.67830575958408,45.5,0.78196715
CFIS_LSB.231.246.r,137.71796032255193,33.0,0.69121603
CFIS_LSB.211.260.r,137.7204690245554,40.0,0.76859232
CFIS_LSB.227.249.r,137.72162754562896,34.5,0.6575494
CFIS_LSB.076.328.r,137.86230058464542,74.0,0.72240414
CFIS_LSB.195.270.r,137.88582233137674,45.0,0.70823162
CFIS_LSB.230.247.r,137.90856848353627,33.5,0.65585312
CFIS_LSB.166.286.r,137.9161317131661,53.0,0.78004608
CFIS_LSB.205.264.r,137.92735478465357,42.0,0.7302911
CFIS_LSB.055.337.r,137.93592274700248,78.5,0.01848526
CFIS_LSB.226.250.r,137.94752853004454,35.0,0.7025674
CFIS_LSB.213.259.r,138.02048598869834,39.5,0.77037289
CFIS_LSB.210.261.r,138.0841349885324,40.5,0.68434404
CFIS_LSB.197.269.r,138.10015839009657,44.5,0.74854718
CFIS_LSB.233.245.r,138.13277402607972,32.5,0.77306847
CFIS_LSB.225.251.r,138.18677750687635,35.5,0.56832702
CFIS_LSB.207.263.r,138.19241528853786,41.5,0.72373769
CFIS_LSB.185.276.r,138.2390808624763,48.0,0.71166775
CFIS_LSB.232.246.r,138.3141419689699,33.0,0.79216486
CFIS_LSB.228.249.r,138.32833075067578,34.5,0.74894476
CFIS_LSB.204.265.r,138.3468539007442,42.5,0.72531412
CFIS_LSB.212.260.r,138.37317266922153,40.0,0.79040058
CFIS_LSB.194.271.r,138.391664856784,45.5,0.75629249
CFIS_LSB.074.329.r,138.45316882619088,74.5,0.78827034
CFIS_LSB.097.319.r,138.4893711422562,69.5,0.67690611
CFIS_LSB.227.250.r,138.5579158244253,35.0,0.72172124
CFIS_LSB.196.270.r,138.5929291125633,45.0,0.81061623
CFIS_LSB.206.264.r,138.60017114945674,42.0,0.69378655
CFIS_LSB.060.335.r,138.60678946035895,77.5,0.02094998
CFIS_LSB.214.259.r,138.6684694909927,39.5,0.77136942
CFIS_LSB.165.287.r,138.6967712696053,53.5,0.67555946
CFIS_LSB.211.261.r,138.7416784884778,40.5,0.7859981
CFIS_LSB.167.286.r,138.74695178372733,53.0,0.79320859
CFIS_LSB.226.251.r,138.80094096246248,35.5,0.70645814
CFIS_LSB.198.269.r,138.80117442253362,44.5,0.72704884
CFIS_LSB.169.285.r,138.80642887903713,52.5,0.65083554
CFIS_LSB.184.277.r,138.84276554525016,48.5,0.73917351
CFIS_LSB.208.263.r,138.86001149766122,41.5,0.7358351
CFIS_LSB.053.338.r,138.8823412004479,79.0,0.14029985
CFIS_LSB.229.249.r,138.9350339557226,34.5,0.56503638
CFIS_LSB.186.276.r,138.9863191374086,48.0,0.71457714
CFIS_LSB.205.265.r,139.02502475319884,42.5,0.65522836
CFIS_LSB.213.260.r,139.02587631388766,40.0,0.83657236
CFIS_LSB.079.327.r,139.07699262227385,73.5,0.73136693
CFIS_LSB.195.271.r,139.1050239539839,45.5,0.76230323
CFIS_LSB.188.275.r,139.13759989469253,47.5,0.6955748
CFIS_LSB.228.250.r,139.168303118806,35.0,0.75613397
CFIS_LSB.065.333.r,139.21887101626348,76.5,0.72289799
CFIS_LSB.207.264.r,139.27298751425994,42.0,0.70949232
CFIS_LSB.197.270.r,139.30003589374985,45.0,0.7515017
CFIS_LSB.215.259.r,139.31645299328704,39.5,0.83252427
CFIS_LSB.212.261.r,139.3992219884232,40.5,0.75712041
CFIS_LSB.183.278.r,139.469157433582,49.0,0.6964322
CFIS_LSB.058.336.r,139.4822959975797,78.0,0.21914091
CFIS_LSB.209.263.r,139.5276077067846,41.5,0.67654381
CFIS_LSB.166.287.r,139.53735776214836,53.5,0.66409411
CFIS_LSB.168.286.r,139.57777185428856,53.0,0.77278708
CFIS_LSB.185.277.r,139.5973457927787,48.5,0.68490126
CFIS_LSB.170.285.r,139.62776869488945,52.5,0.69483098
CFIS_LSB.077.328.r,139.67627822391705,74.0,0.65998305
CFIS_LSB.214.260.r,139.67857995855385,40.0,0.77796218
CFIS_LSB.206.265.r,139.70319560565346,42.5,0.68982311
CFIS_LSB.187.276.r,139.7335574123409,48.0,0.69009784
CFIS_LSB.189.275.r,139.87769351115367,47.5,0.81026392
CFIS_LSB.051.339.r,139.9288087826695,79.5,0.24115438
CFIS_LSB.208.264.r,139.9458038790631,42.0,0.74892253
CFIS_LSB.216.259.r,139.96443649558142,39.5,0.71338804
CFIS_LSB.063.334.r,140.0304617014528,77.0,0.62862612
CFIS_LSB.213.261.r,140.05676548836857,40.5,0.74857033
CFIS_LSB.182.279.r,140.11898293323534,49.5,0.71179279
CFIS_LSB.231.249.r,140.14844036581624,34.5,0.41567613
CFIS_LSB.210.263.r,140.19520391590797,41.5,0.77302208
CFIS_LSB.184.278.r,140.23128397693492,49.0,0.73299918
CFIS_LSB.075.329.r,140.32415759411236,74.5,0.80552772
CFIS_LSB.215.260.r,140.33128360321996,40.0,0.74706919
CFIS_LSB.186.277.r,140.35192604030723,48.5,0.61394632
CFIS_LSB.167.287.r,140.3779442546914,53.5,0.64329537
CFIS_LSB.207.265.r,140.3813664581081,42.5,0.79584714
CFIS_LSB.230.250.r,140.38907770756745,35.0,0.61520014
CFIS_LSB.169.286.r,140.40859192484982,53.0,0.81152169
CFIS_LSB.056.337.r,140.4438486151298,78.5,0.13539322
CFIS_LSB.171.285.r,140.44910851074172,52.5,0.6694971
CFIS_LSB.188.276.r,140.4807956872732,48.0,0.78217885
CFIS_LSB.233.248.r,140.52439100070498,34.0,0.76166075
CFIS_LSB.068.332.r,140.54122681091738,76.0,0.48144563
CFIS_LSB.217.259.r,140.61241999787578,39.5,0.72304744
CFIS_LSB.190.275.r,140.6177871276148,47.5,0.80544531
CFIS_LSB.209.264.r,140.6186202438663,42.0,0.79916427
CFIS_LSB.214.261.r,140.71430898831397,40.5,0.78400981
CFIS_LSB.232.249.r,140.75514357086308,34.5,0.67883537
CFIS_LSB.080.327.r,140.8374608833153,73.5,0.6902688
CFIS_LSB.183.279.r,140.88886745484655,49.5,0.45962501
CFIS_LSB.201.269.r,140.90422251984472,44.5,0.69008485
CFIS_LSB.216.260.r,140.9839872478861,40.0,0.74416767
CFIS_LSB.185.278.r,140.99341052028782,49.0,0.63719979
CFIS_LSB.231.250.r,140.99946500194818,35.0,0.78950387
CFIS_LSB.203.268.r,141.1016044881929,44.0,0.63112816
CFIS_LSB.187.277.r,141.10650628783577,48.5,0.84048562
CFIS_LSB.234.248.r,141.12749997495695,34.0,0.82249353
CFIS_LSB.189.276.r,141.2280339622055,48.0,0.85530558
CFIS_LSB.170.286.r,141.23941199541105,53.0,0.79105036
CFIS_LSB.218.259.r,141.26040350017013,39.5,0.74348236
CFIS_LSB.246.239.r,141.32153161492434,29.5,0.00162488
CFIS_LSB.066.333.r,141.36069980112907,76.5,0.79330654
CFIS_LSB.233.249.r,141.3618467759099,34.5,0.7259516
CFIS_LSB.215.261.r,141.37185248825938,40.5,0.79820726
CFIS_LSB.200.270.r,141.42135623730948,45.0,0.7579414
CFIS_LSB.078.328.r,141.4902558631887,74.0,0.80975759
CFIS_LSB.054.338.r,141.50276273253183,79.0,0.60965507
CFIS_LSB.182.280.r,141.57086824429751,50.0,0.11790026
CFIS_LSB.202.269.r,141.60523855228178,44.5,0.63390466
CFIS_LSB.232.250.r,141.6098522963289,35.0,0.76720535
CFIS_LSB.217.260.r,141.63669089255222,40.0,0.79412996
CFIS_LSB.184.279.r,141.65875197645772,49.5,0.02047694
CFIS_LSB.235.248.r,141.7306089492089,34.0,0.77440059
CFIS_LSB.186.278.r,141.75553706364073,49.0,0.53800204
CFIS_LSB.204.268.r,141.79668628370123,44.0,0.71065131
CFIS_LSB.188.277.r,141.8610865353643,48.5,0.85381962
CFIS_LSB.247.239.r,141.8960093857167,29.5,0.15654035
CFIS_LSB.219.259.r,141.90838700246448,39.5,0.76304587
CFIS_LSB.234.249.r,141.9685499809567,34.5,0.75351542
CFIS_LSB.246.240.r,142.02816622064793,30.0,0.76187683
CFIS_LSB.216.261.r,142.02939598820475,40.5,0.71634004
CFIS_LSB.201.270.r,142.12846301849603,45.0,0.74085519
CFIS_LSB.076.329.r,142.19514636203388,74.5,0.75689172
CFIS_LSB.233.250.r,142.22023959070964,35.0,0.82234129
CFIS_LSB.064.334.r,142.25316744274568,77.0,0.62631959
CFIS_LSB.218.260.r,142.2893945372184,40.0,0.71450837
CFIS_LSB.203.269.r,142.3062545847188,44.5,0.78673545
CFIS_LSB.236.248.r,142.33371792346085,34.0,0.82006094
CFIS_LSB.249.238.r,142.34758145022835,29.0,0.10161925
CFIS_LSB.185.279.r,142.4286364980689,49.5,0.0
CFIS_LSB.248.239.r,142.47048715650908,29.5,0.75100315
CFIS_LSB.205.268.r,142.49176807920958,44.0,0.70296613
CFIS_LSB.187.278.r,142.51766360699364,49.0,0.54303528
CFIS_LSB.235.249.r,142.57525318600355,34.5,0.74613699
CFIS_LSB.081.327.r,142.59792914435673,73.5,0.68400521
CFIS_LSB.247.240.r,142.60551648983756,30.0,0.80572758
CFIS_LSB.069.332.r,142.60800955813676,76.0,0.53693962
CFIS_LSB.052.339.r,142.67251091566305,79.5,0.33391996
CFIS_LSB.202.270.r,142.8355697996826,45.0,0.69906855
CFIS_LSB.250.238.r,142.919258484165,29.0,0.14325552
CFIS_LSB.057.337.r,142.9517744832571,78.5,0.64345797
CFIS_LSB.204.269.r,143.00727061715585,44.5,0.66315394
CFIS_LSB.249.239.r,143.04496492730146,29.5,0.76568648
CFIS_LSB.248.240.r,143.18286675902718,30.0,0.82070766
CFIS_LSB.206.268.r,143.1868498747179,44.0,0.76848516
CFIS_LSB.186.279.r,143.1985210196801,49.5,0.01290092
CFIS_LSB.188.278.r,143.27979015034654,49.0,0.55805718
CFIS_LSB.079.328.r,143.30423350246036,74.0,0.4994324
CFIS_LSB.067.333.r,143.50252858599467,76.5,0.77105433
CFIS_LSB.250.239.r,143.61944269809382,29.5,0.80331305
CFIS_LSB.205.269.r,143.70828664959288,44.5,0.82603623
CFIS_LSB.187.279.r,143.96840554129128,49.5,0.0
CFIS_LSB.055.338.r,144.12318426461576,79.0,0.6903262
CFIS_LSB.218.262.r,144.42641627502042,41.0,0.78148044
CFIS_LSB.065.334.r,144.4758731840386,77.0,0.78031469
CFIS_LSB.220.261.r,144.65956998798632,40.5,0.78937544
CFIS_LSB.087.325.r,144.65966426890222,72.5,0.74258232
CFIS_LSB.070.332.r,144.67479230535614,76.0,0.5913012
CFIS_LSB.217.263.r,144.86837737977157,41.5,0.75246189
CFIS_LSB.219.262.r,145.08892277169485,41.0,0.74703046
CFIS_LSB.221.261.r,145.31711348793172,40.5,0.74620328
CFIS_LSB.085.326.r,145.3629038429139,73.0,0.72361032
CFIS_LSB.218.263.r,145.53597358889493,41.5,0.74794949
CFIS_LSB.090.324.r,145.62305898749054,72.0,0.74148193
CFIS_LSB.068.333.r,145.64435737086026,76.5,0.79901471
CFIS_LSB.220.262.r,145.75142926836924,41.0,0.7224829
CFIS_LSB.073.331.r,145.77841444584212,75.5,0.62458498
CFIS_LSB.222.261.r,145.97465698787713,40.5,0.76402139
CFIS_LSB.219.263.r,146.20356979801832,41.5,0.79239671
CFIS_LSB.244.247.r,146.30300308688194,33.5,0.7958897
CFIS_LSB.088.325.r,146.32241903061376,72.5,0.68375705
CFIS_LSB.221.262.r,146.41393576504362,41.0,0.68856679
CFIS_LSB.243.248.r,146.5554807432245,34.0,0.82772266
CFIS_LSB.223.261.r,146.6322004878225,40.5,0.81674286
CFIS_LSB.246.246.r,146.66068501882154,33.0,0.71531147
CFIS_LSB.066.334.r,146.69857892533147,77.0,0.64584374
CFIS_LSB.071.332.r,146.74157505257548,76.0,0.73874286
CFIS_LSB.149.299.r,146.7869336327747,59.5,0.65186157
CFIS_LSB.220.263.r,146.87116600714168,41.5,0.73378669
CFIS_LSB.245.247.r,146.90260555854948,33.5,0.83252113
CFIS_LSB.257.238.r,146.92099772172162,29.0,0.1263496
CFIS_LSB.086.326.r,147.07305565283053,73.0,0.69425678
CFIS_LSB.222.262.r,147.07644226171803,41.0,0.73827268
CFIS_LSB.244.248.r,147.15858971747647,34.0,0.70282478
CFIS_LSB.091.324.r,147.24109297624042,72.0,0.74622555
CFIS_LSB.247.246.r,147.2568666652395,33.0,0.82193578
CFIS_LSB.258.238.r,147.4926747556583,29.0,0.14175275
CFIS_LSB.246.247.r,147.50220803021705,33.5,0.78535323
CFIS_LSB.152.298.r,147.56190600718705,59.0,0.28166397
CFIS_LSB.257.239.r,147.64078709364043,29.5,0.78418014
CFIS_LSB.245.248.r,147.7616986917284,34.0,0.77349502
CFIS_LSB.150.299.r,147.7720808383638,59.5,0.80669785
CFIS_LSB.074.331.r,147.775379027292,75.5,0.7331149
CFIS_LSB.069.333.r,147.78618615572586,76.5,0.72993437
CFIS_LSB.248.246.r,147.8530483116575,33.0,0.84157825
CFIS_LSB.089.325.r,147.98517379232527,72.5,0.78974454
CFIS_LSB.148.300.r,147.99999999999997,60.0,0.24867687
CFIS_LSB.259.238.r,148.06435178959495,29.0,0.13501163
CFIS_LSB.247.247.r,148.1018105018846,33.5,0.7907413
CFIS_LSB.094.323.r,148.1226293130621,71.5,0.15444693
CFIS_LSB.250.245.r,148.21113092927007,32.5,0.78740958
CFIS_LSB.258.239.r,148.21526486443284,29.5,0.72895747
CFIS_LSB.246.248.r,148.36480766598038,34.0,0.7389137
CFIS_LSB.249.246.r,148.44922995807545,33.0,0.82254073
CFIS_LSB.153.298.r,148.53270802039222,59.0,0.30786783
CFIS_LSB.252.244.r,148.57647882362414,32.0,0.83072706
CFIS_LSB.260.238.r,148.6360288235316,29.0,0.09351769
CFIS_LSB.248.247.r,148.70141297355215,33.5,0.81895408
CFIS_LSB.151.299.r,148.75722804395286,59.5,0.75470684
CFIS_LSB.087.326.r,148.78320746274716,73.0,0.70865632
CFIS_LSB.259.239.r,148.7897426352252,29.5,0.64878928
CFIS_LSB.251.245.r,148.80397545298715,32.5,0.72054762
CFIS_LSB.072.332.r,148.80835779979486,76.0,0.74441217
CFIS_LSB.092.324.r,148.8591269649903,72.0,0.22268668
CFIS_LSB.149.300.r,148.99999999999997,60.0,0.24859139
CFIS_LSB.250.246.r,149.04541160449344,33.0,0.78541494
CFIS_LSB.253.244.r,149.1660680253052,32.0,0.83743978
CFIS_LSB.261.238.r,149.20770585746826,29.0,0.0
CFIS_LSB.252.245.r,149.39681997670425,32.5,0.74048057
CFIS_LSB.154.298.r,149.5035100335974,59.0,0.36950956
CFIS_LSB.251.246.r,149.6415932509114,33.0,0.7974168
CFIS_LSB.090.325.r,149.64792855403678,72.5,0.59629847
CFIS_LSB.152.299.r,149.74237524954196,59.5,0.76971205
CFIS_LSB.254.244.r,149.75565722698624,32.0,0.84043941
CFIS_LSB.075.331.r,149.7723436087419,75.5,0.71663892
CFIS_LSB.070.333.r,149.92801494059142,76.5,0.70852069
CFIS_LSB.253.245.r,149.98966450042133,32.5,0.75908997
CFIS_LSB.150.300.r,149.99999999999997,60.0,0.25524081
CFIS_LSB.252.246.r,150.2377748973294,33.0,0.79762548
CFIS_LSB.255.244.r,150.3452464286673,32.0,0.60393356
CFIS_LSB.093.324.r,150.4771609537402,72.0,0.0
CFIS_LSB.088.326.r,150.4933592726638,73.0,0.671056
CFIS_LSB.254.245.r,150.5825090241384,32.5,0.80419044
CFIS_LSB.153.299.r,150.7275224551311,59.5,0.7720852
CFIS_LSB.073.332.r,150.87514054701424,76.0,0.61825675
CFIS_LSB.091.325.r,151.31068331574832,72.5,0.04990454
CFIS_LSB.086.327.r,151.40027044956395,73.5,0.81239507
CFIS_LSB.076.331.r,151.7693081901918,75.5,0.3985217
CFIS_LSB.222.266.r,151.77334818194407,43.0,0.79524009
CFIS_LSB.071.333.r,152.06984372545702,76.5,0.76357088
CFIS_LSB.089.326.r,152.20351108258043,73.0,0.4830741
CFIS_LSB.221.267.r,152.3351312313296,43.5,0.80081609
CFIS_LSB.084.328.r,152.3741216988186,74.0,0.75207314
CFIS_LSB.223.266.r,152.45701191249336,43.0,0.8399117
CFIS_LSB.225.265.r,152.5884418022914,42.5,0.81535662
CFIS_LSB.074.332.r,152.94192329423362,76.0,0.55298425
CFIS_LSB.092.325.r,152.97343807745983,72.5,0.0
CFIS_LSB.222.267.r,153.02443046767044,43.5,0.79348046
CFIS_LSB.224.266.r,153.14067564304264,43.0,0.85257525
CFIS_LSB.087.327.r,153.1607387106054,73.5,0.82689628
CFIS_LSB.226.265.r,153.26661265474604,42.5,0.87044687
CFIS_LSB.223.267.r,153.7137297040113,43.5,0.78559649
CFIS_LSB.225.266.r,153.82433937359195,43.0,0.77828494
CFIS_LSB.090.326.r,153.91366289249706,73.0,0.26591182
CFIS_LSB.227.265.r,153.94478350720067,42.5,0.83479473
CFIS_LSB.241.257.r,153.97232822699058,38.5,0.76100406
CFIS_LSB.243.256.r,154.18571313131832,38.0,0.75389584
CFIS_LSB.085.328.r,154.18809933809027,74.0,0.80281468
CFIS_LSB.240.258.r,154.41114790718007,39.0,0.73664703
CFIS_LSB.226.266.r,154.50800310414124,43.0,0.41596987
CFIS_LSB.242.257.r,154.61121755573328,38.5,0.79612172
CFIS_LSB.093.325.r,154.63619283917134,72.5,0.0
CFIS_LSB.244.256.r,154.8202222388546,38.0,0.7980393
CFIS_LSB.088.327.r,154.92120697164682,73.5,0.78606577
CFIS_LSB.106.320.r,154.96163320864358,70.0,0.73403427
CFIS_LSB.241.258.r,155.05452769012666,39.0,0.83874503
CFIS_LSB.243.257.r,155.25010688447597,38.5,0.75459694
CFIS_LSB.160.298.r,155.32832211282846,59.0,0.47659432
CFIS_LSB.245.256.r,155.4547313463909,38.0,0.78446713
CFIS_LSB.109.319.r,155.62207685057655,69.5,0.83559286
CFIS_LSB.091.326.r,155.6238147024137,73.0,0.17110378
CFIS_LSB.158.299.r,155.6532584830765,59.5,0.74857547
CFIS_LSB.242.258.r,155.69790747307323,39.0,0.74977822
CFIS_LSB.104.321.r,155.77870424640807,70.5,0.73606158
CFIS_LSB.244.257.r,155.88899621321866,38.5,0.68533339
CFIS_LSB.163.297.r,155.98128971762182,58.5,0.0
CFIS_LSB.086.328.r,156.00207697736192,74.0,0.7621483
CFIS_LSB.246.256.r,156.08924045392718,38.0,0.69109119
CFIS_LSB.132.310.r,156.1693044880649,65.0,0.77938904
CFIS_LSB.161.298.r,156.29912412603363,59.0,0.43102521
CFIS_LSB.243.258.r,156.34128725601985,39.0,0.74657624
CFIS_LSB.107.320.r,156.42353540872512,70.0,0.80674286
CFIS_LSB.245.257.r,156.52788554196138,38.5,0.77996179
CFIS_LSB.159.299.r,156.6384056886656,59.5,0.64348004
CFIS_LSB.089.327.r,156.68167523268826,73.5,0.32057959
CFIS_LSB.130.311.r,156.74236595623026,65.5,0.84075542
CFIS_LSB.135.309.r,156.7903835706643,64.5,0.77193629
CFIS_LSB.164.297.r,156.9382301453373,58.5,0.0
CFIS_LSB.110.319.r,157.0498023262699,69.5,0.76840829
CFIS_LSB.162.298.r,157.2699261392388,59.0,0.52955453
CFIS_LSB.105.321.r,157.27657640262353,70.5,0.58041263
CFIS_LSB.092.326.r,157.3339665123303,73.0,0.0
CFIS_LSB.133.310.r,157.35240527964115,65.0,0.85455619
CFIS_LSB.160.299.r,157.62355289425471,59.5,0.75175934
CFIS_LSB.087.328.r,157.81605461663358,74.0,0.31931027
CFIS_LSB.108.320.r,157.88543760880668,70.0,0.77772107
CFIS_LSB.165.297.r,157.89517057305275,58.5,0.0
CFIS_LSB.131.311.r,157.9480764635859,65.5,0.64701248
CFIS_LSB.136.309.r,157.95179381933588,64.5,0.69254092
CFIS_LSB.163.298.r,158.240728152444,59.0,0.51686868
CFIS_LSB.214.275.r,158.38003392268195,47.5,0.79864392
CFIS_LSB.090.327.r,158.4421434937297,73.5,0.0
CFIS_LSB.111.319.r,158.47752780196328,69.5,0.59697386
CFIS_LSB.134.310.r,158.5355060712174,65.0,0.74808728
CFIS_LSB.161.299.r,158.6087000998438,59.5,0.81818922
CFIS_LSB.106.321.r,158.774448558839,70.5,0.73028354
CFIS_LSB.166.297.r,158.85211100076822,58.5,0.0
CFIS_LSB.217.274.r,159.09129164189932,47.0,0.824083
CFIS_LSB.137.309.r,159.11320406800746,64.5,0.81401152
CFIS_LSB.215.275.r,159.12012753914306,47.5,0.79221565
CFIS_LSB.132.311.r,159.1537869709415,65.5,0.8048154
CFIS_LSB.213.276.r,159.16175256058082,48.0,0.79832938
CFIS_LSB.164.298.r,159.21153016564918,59.0,0.2022024
CFIS_LSB.109.320.r,159.34733980888822,70.0,0.67753554
CFIS_LSB.135.310.r,159.71860686279365,65.0,0.73315869
CFIS_LSB.218.274.r,159.82443123471913,47.0,0.8358154
CFIS_LSB.216.275.r,159.8602211556042,47.5,0.82227162
CFIS_LSB.112.319.r,159.90525327765664,69.5,0.15085095
CFIS_LSB.214.276.r,159.90899083551312,48.0,0.78720394
CFIS_LSB.107.321.r,160.27232071505443,70.5,0.40967532
CFIS_LSB.138.309.r,160.27461431667905,64.5,0.64603146
CFIS_LSB.133.311.r,160.35949747829713,65.5,0.45038108
CFIS_LSB.263.250.r,160.53185842213148,35.0,0.67187912
CFIS_LSB.219.274.r,160.55757082753894,47.0,0.85168551
CFIS_LSB.217.275.r,160.60031477206533,47.5,0.83549083
CFIS_LSB.215.276.r,160.65622911044542,48.0,0.69579
CFIS_LSB.265.249.r,160.77634933740825,34.5,0.74980589
CFIS_LSB.110.320.r,160.80924200896976,70.0,0.18607465
CFIS_LSB.136.310.r,160.9017076543699,65.0,0.23067705
CFIS_LSB.262.251.r,160.91082536356268,35.5,0.79516321
CFIS_LSB.196.285.r,160.982603907049,52.5,0.72713445
CFIS_LSB.267.248.r,161.03009612527137,34.0,0.78900577
CFIS_LSB.264.250.r,161.1422457165122,35.0,0.78757474
CFIS_LSB.218.275.r,161.34040838852647,47.5,0.78317481
CFIS_LSB.266.249.r,161.38305254245506,34.5,0.77424542
CFIS_LSB.263.251.r,161.5249888191488,35.5,0.75713414
CFIS_LSB.199.284.r,161.61478992553302,52.0,0.81546769
CFIS_LSB.268.248.r,161.63320509952334,34.0,0.69669731
CFIS_LSB.265.250.r,161.75263301089294,35.0,0.78743634
CFIS_LSB.197.285.r,161.80394372290127,52.5,0.79997919
CFIS_LSB.188.289.r,161.87277690866614,54.5,0.06807039
CFIS_LSB.267.249.r,161.9897557475019,34.5,0.84697652
CFIS_LSB.195.286.r,162.0099137594421,53.0,0.79586771
CFIS_LSB.264.251.r,162.13915227473493,35.5,0.76853851
CFIS_LSB.269.248.r,162.23631407377528,34.0,0.74430298
CFIS_LSB.266.250.r,162.36302030527366,35.0,0.83738311
CFIS_LSB.200.284.r,162.4269245482744,52.0,0.79736275
CFIS_LSB.191.288.r,162.4743043952396,54.0,0.63481644
CFIS_LSB.268.249.r,162.59645895254872,34.5,0.82833242
CFIS_LSB.198.285.r,162.62528353875356,52.5,0.80956278
CFIS_LSB.189.289.r,162.7338023177548,54.5,0.1099754
CFIS_LSB.265.251.r,162.75331573032105,35.5,0.8259592
CFIS_LSB.270.248.r,162.83942304802724,34.0,0.66120602
CFIS_LSB.196.286.r,162.84073383000333,53.0,0.87352652
CFIS_LSB.267.250.r,162.9734075996544,35.0,0.81829845
CFIS_LSB.269.249.r,163.20316215759556,34.5,0.78039884
CFIS_LSB.201.284.r,163.23905917101578,52.0,0.73563655
CFIS_LSB.192.288.r,163.32495520359166,54.0,0.72778949
CFIS_LSB.199.285.r,163.44662335460586,52.5,0.67834213
CFIS_LSB.190.289.r,163.59482772684342,54.5,0.19178831
CFIS_LSB.197.286.r,163.67155390056456,53.0,0.838709
CFIS_LSB.193.288.r,164.1756060119437,54.0,0.83342666
CFIS_LSB.200.285.r,164.26796317045816,52.5,0.77508785
CFIS_LSB.191.289.r,164.45585313593207,54.5,0.18864961
CFIS_LSB.194.288.r,165.02625682029574,54.0,0.83550439
CFIS_LSB.192.289.r,165.31687854502073,54.5,0.16901546
CFIS_LSB.221.277.r,166.7622347038059,48.5,0.84748002
CFIS_LSB.226.275.r,167.2611573202155,47.5,0.86361824
CFIS_LSB.224.276.r,167.38137358483615,48.0,0.76713876
CFIS_LSB.222.277.r,167.51681495133442,48.5,0.82337038
CFIS_LSB.220.278.r,167.66783953763957,49.0,0.86153553
CFIS_LSB.289.241.r,167.70555899704422,30.5,0.44677042
CFIS_LSB.209.283.r,167.86753892958166,51.5,0.85718256
CFIS_LSB.229.274.r,167.88896675573707,47.0,0.82424411
CFIS_LSB.288.242.r,167.99520919900758,31.0,0.75831628
CFIS_LSB.227.275.r,168.00125093667663,47.5,0.82562204
CFIS_LSB.291.240.r,168.0089283341811,30.0,0.43822159
CFIS_LSB.207.284.r,168.111866907464,52.0,0.74505295
CFIS_LSB.225.276.r,168.12861185976843,48.0,0.80715796
CFIS_LSB.223.277.r,168.27139519886296,48.5,0.78065566
CFIS_LSB.290.241.r,168.28585504893712,30.5,0.52248226
CFIS_LSB.221.278.r,168.42996608099247,49.0,0.85293583
CFIS_LSB.212.282.r,168.43566728096943,51.0,0.84496142
CFIS_LSB.289.242.r,168.57852589761524,31.0,0.7734683
CFIS_LSB.292.240.r,168.58627860337072,30.0,0.66997938
CFIS_LSB.230.274.r,168.62210634855688,47.0,0.8234888
CFIS_LSB.210.283.r,168.6707328957519,51.5,0.84543859
CFIS_LSB.228.275.r,168.74134455313776,47.5,0.79587005
CFIS_LSB.291.241.r,168.86615110083,30.5,0.73691242
CFIS_LSB.226.276.r,168.87585013470078,48.0,0.78245539
CFIS_LSB.208.284.r,168.92400153020537,52.0,0.74821083
CFIS_LSB.224.277.r,169.0259754463915,48.5,0.83196129
CFIS_LSB.259.260.r,169.05024396853008,40.0,0.85504336
CFIS_LSB.290.242.r,169.16184259622293,31.0,0.79208622
CFIS_LSB.293.240.r,169.16362887256034,30.0,0.74301015
CFIS_LSB.222.278.r,169.19209262434538,49.0,0.80084106
CFIS_LSB.213.282.r,169.2301751455023,51.0,0.84953045
CFIS_LSB.231.274.r,169.3552459413767,47.0,0.80964485
CFIS_LSB.292.241.r,169.4464471527229,30.5,0.75243757
CFIS_LSB.211.283.r,169.47392686192217,51.5,0.82633668
CFIS_LSB.229.275.r,169.4814381695989,47.5,0.83302065
CFIS_LSB.227.276.r,169.62308840963308,48.0,0.74691514
CFIS_LSB.258.261.r,169.64622298591124,40.5,0.80869896
CFIS_LSB.260.260.r,169.70294761319622,40.0,0.82554887
CFIS_LSB.209.284.r,169.73613615294676,52.0,0.82403615
CFIS_LSB.294.240.r,169.74097914174996,30.0,0.74095469
CFIS_LSB.291.242.r,169.7451592948306,31.0,0.75217322
CFIS_LSB.262.259.r,169.7716776011219,39.5,0.8662223
CFIS_LSB.225.277.r,169.78055569392004,48.5,0.79880286
CFIS_LSB.264.258.r,169.85226269789808,39.0,0.83203012
CFIS_LSB.214.282.r,170.02468301003518,51.0,0.90141327
CFIS_LSB.293.241.r,170.02674320461577,30.5,0.72885272
CFIS_LSB.230.275.r,170.22153178606,47.5,0.2939703
CFIS_LSB.091.329.r,170.25997788085635,74.5,0.53913846
CFIS_LSB.212.283.r,170.27712082809242,51.5,0.85322428
CFIS_LSB.259.261.r,170.30376648585664,40.5,0.7036593
CFIS_LSB.261.260.r,170.35565125786238,40.0,0.73063569
CFIS_LSB.263.259.r,170.41966110341625,39.5,0.78369867
CFIS_LSB.265.258.r,170.49564248084468,39.0,0.79371198
CFIS_LSB.210.284.r,170.5482707756881,52.0,0.7124637
CFIS_LSB.267.257.r,170.58345077430076,38.5,0.69479205
CFIS_LSB.297.239.r,170.6198979253355,29.5,0.34276783
CFIS_LSB.278.251.r,170.73744065294056,35.5,0.7562285
CFIS_LSB.215.282.r,170.81919087456805,51.0,0.47411942
CFIS_LSB.296.240.r,170.8956796801292,30.0,0.78903529
CFIS_LSB.280.250.r,170.90844242660384,35.0,0.70683164
CFIS_LSB.299.238.r,170.93143314706134,29.0,0.0
CFIS_LSB.074.335.r,170.94837366777602,77.5,0.19292717
CFIS_LSB.260.261.r,170.96130998580202,40.5,0.87425543
CFIS_LSB.262.260.r,171.0083549025285,40.0,0.80349102
CFIS_LSB.264.259.r,171.06764460571063,39.5,0.80948187
CFIS_LSB.213.283.r,171.08031479426265,51.5,0.64182604
CFIS_LSB.266.258.r,171.13902226379125,39.0,0.80694513
CFIS_LSB.298.239.r,171.19437569612785,29.5,0.43977549
CFIS_LSB.277.252.r,171.19541488372087,36.0,0.82057822
CFIS_LSB.268.257.r,171.22234010304345,38.5,0.77557237
CFIS_LSB.279.251.r,171.3516041085267,35.5,0.78337479
CFIS_LSB.297.240.r,171.47302994931883,30.0,0.72687984
CFIS_LSB.300.238.r,171.50311018099802,29.0,0.0
CFIS_LSB.281.250.r,171.51882972098457,35.0,0.72957695
CFIS_LSB.263.260.r,171.66105854719464,40.0,0.8097302
CFIS_LSB.265.259.r,171.71562810800498,39.5,0.79526628
CFIS_LSB.299.239.r,171.7688534669202,29.5,0.37839743
CFIS_LSB.267.258.r,171.78240204673784,39.0,0.84182772
CFIS_LSB.278.252.r,171.81344887247076,36.0,0.77897495
CFIS_LSB.269.257.r,171.86122943178617,38.5,0.84159552
CFIS_LSB.089.330.r,171.93479707945417,75.0,0.0
CFIS_LSB.280.251.r,171.9657675641128,35.5,0.78686214
CFIS_LSB.298.240.r,172.05038021850848,30.0,0.79199095
CFIS_LSB.301.238.r,172.07478721493467,29.0,0.0
CFIS_LSB.282.250.r,172.1292170153653,35.0,0.80338294
CFIS_LSB.092.329.r,172.13096664877784,74.5,0.54794963
CFIS_LSB.289.246.r,172.2964958147944,33.0,0.74755109
CFIS_LSB.095.328.r,172.32787573080677,74.0,0.52467
CFIS_LSB.300.239.r,172.3433312377126,29.5,0.43928465
CFIS_LSB.268.258.r,172.4257818296844,39.0,0.80889587
CFIS_LSB.279.252.r,172.43148286122064,36.0,0.78320649
CFIS_LSB.291.245.r,172.51775640167037,32.5,0.77259349
CFIS_LSB.281.251.r,172.5799310196989,35.5,0.72405188
CFIS_LSB.299.240.r,172.6277304876981,30.0,0.67115559
CFIS_LSB.302.238.r,172.64646424887133,29.0,0.0
CFIS_LSB.288.247.r,172.6855118402541,33.5,0.75326973
CFIS_LSB.283.250.r,172.73960430974603,35.0,0.75331733
CFIS_LSB.293.244.r,172.74963609254712,32.0,0.78142976
CFIS_LSB.290.246.r,172.89267746121237,33.0,0.8032246
CFIS_LSB.278.253.r,172.91635714009212,36.5,0.71673983
CFIS_LSB.301.239.r,172.91780900850495,29.5,0.37376992
CFIS_LSB.292.245.r,173.11060092538744,32.5,0.75654667
CFIS_LSB.072.336.r,173.1504364107886,78.0,0.28949881
CFIS_LSB.282.251.r,173.19409447528503,35.5,0.81213752
CFIS_LSB.075.335.r,173.25848682544867,77.5,0.03357518
CFIS_LSB.289.247.r,173.28511431192166,33.5,0.79316029
CFIS_LSB.294.244.r,173.3392252942282,32.0,0.74457482
CFIS_LSB.078.334.r,173.37104782084631,77.0,0.02374263
CFIS_LSB.277.254.r,173.42078865463725,37.0,0.62657831
CFIS_LSB.291.246.r,173.48885910763036,33.0,0.66314142
CFIS_LSB.279.253.r,173.53835842476872,36.5,0.74170452
CFIS_LSB.281.252.r,173.66755083872044,36.0,0.73449996
CFIS_LSB.293.245.r,173.70344544910455,32.5,0.78555517
CFIS_LSB.090.330.r,173.8666487320323,75.0,0.2017641
CFIS_LSB.290.247.r,173.8847167835892,33.5,0.71636233
CFIS_LSB.295.244.r,173.92881449590922,32.0,0.68864696
CFIS_LSB.093.329.r,174.00195541669936,74.5,0.70855987
CFIS_LSB.278.254.r,174.04685648371537,37.0,0.80591556
CFIS_LSB.292.246.r,174.08504075404832,33.0,0.76377046
CFIS_LSB.096.328.r,174.14185337007842,74.0,0.44497046
CFIS_LSB.280.253.r,174.16035970944532,36.5,0.795197
CFIS_LSB.282.252.r,174.28558482747033,36.0,0.80625021
CFIS_LSB.294.245.r,174.29628997282165,32.5,0.72842476
CFIS_LSB.291.247.r,174.48431925525674,33.5,0.64106799
CFIS_LSB.296.244.r,174.5184036975903,32.0,0.65089461
CFIS_LSB.279.254.r,174.67292431279347,37.0,0.84510177
CFIS_LSB.293.246.r,174.6812224004663,33.0,0.73466505
CFIS_LSB.281.253.r,174.7823609941219,36.5,0.77867258
CFIS_LSB.295.245.r,174.8891344965387,32.5,0.77986444
CFIS_LSB.283.252.r,174.90361881622024,36.0,0.83871379
CFIS_LSB.280.254.r,175.2989921418716,37.0,0.84116537
CFIS_LSB.282.253.r,175.4043622787985,36.5,0.79280639
CFIS_LSB.284.252.r,175.52165280497013,36.0,0.80770854
CFIS_LSB.073.336.r,175.55530358316068,78.0,0.0
CFIS_LSB.076.335.r,175.56859998312132,77.5,0.06702286
CFIS_LSB.079.334.r,175.5937535621392,77.0,0.30906721
CFIS_LSB.091.330.r,175.79850038461043,75.0,0.25942904
CFIS_LSB.094.329.r,175.87294418462085,74.5,0.54021093
CFIS_LSB.281.254.r,175.92505997094972,37.0,0.80594696
CFIS_LSB.097.328.r,175.95583100935008,74.0,0.22126808
CFIS_LSB.283.253.r,176.0263635634751,36.5,0.77310769
CFIS_LSB.285.252.r,176.13968679372002,36.0,0.66939014
CFIS_LSB.284.253.r,176.64836484815166,36.5,0.63208521
CFIS_LSB.296.247.r,177.48233161359448,33.5,0.7157318
CFIS_LSB.298.246.r,177.66213063255617,33.0,0.82600013
CFIS_LSB.095.329.r,177.74393295254234,74.5,0.22212173
CFIS_LSB.080.334.r,177.8164593034321,77.0,0.05147592
CFIS_LSB.077.335.r,177.87871314079396,77.5,0.03414816
CFIS_LSB.295.248.r,177.91714740432604,34.0,0.72604734
CFIS_LSB.256.268.r,177.94093965013488,44.0,0.69532689
CFIS_LSB.074.336.r,177.96017075553274,78.0,0.29360698
CFIS_LSB.297.247.r,178.08193408526205,33.5,0.79757613
CFIS_LSB.299.246.r,178.25831227897413,33.0,0.77483149
CFIS_LSB.296.248.r,178.520256378578,34.0,0.76831011
CFIS_LSB.259.267.r,178.5285022122822,43.5,0.83547596
CFIS_LSB.257.268.r,178.63602144564322,44.0,0.86159851
CFIS_LSB.298.247.r,178.6815365569296,33.5,0.69710123
CFIS_LSB.255.269.r,178.7590882714448,44.5,0.82593212
CFIS_LSB.300.246.r,178.85449392539212,33.0,0.81624432
CFIS_LSB.137.315.r,178.99912618806354,67.5,0.79947546
CFIS_LSB.297.248.r,179.12336535282995,34.0,0.72579816
CFIS_LSB.140.314.r,179.15132656732158,67.0,0.80321007
CFIS_LSB.260.267.r,179.21780144862305,43.5,0.86728319
CFIS_LSB.299.247.r,179.28113902859712,33.5,0.74114432
CFIS_LSB.258.268.r,179.33110324115154,44.0,0.89901918
CFIS_LSB.301.246.r,179.45067557181008,33.0,0.78086168
CFIS_LSB.256.269.r,179.46010430388185,44.5,0.85320803
CFIS_LSB.152.310.r,179.83132031958988,65.0,0.80387079
CFIS_LSB.300.247.r,179.8807415002647,33.5,0.80280592
CFIS_LSB.261.267.r,179.90710068496392,43.5,0.81260481
CFIS_LSB.084.333.r,179.91361792870973,76.5,0.03299532
CFIS_LSB.259.268.r,180.02618503665988,44.0,0.82231798
CFIS_LSB.081.334.r,180.039165044725,77.0,0.24237732
CFIS_LSB.257.269.r,180.16112033631887,44.5,0.82032738
CFIS_LSB.078.335.r,180.18882629846664,77.5,0.05792366
CFIS_LSB.135.316.r,180.189033472396,68.0,0.84666168
CFIS_LSB.158.308.r,180.21259058368383,64.0,0.72789841
CFIS_LSB.138.315.r,180.30568915293992,67.5,0.8393404
CFIS_LSB.075.336.r,180.3650379279048,78.0,0.0159036
CFIS_LSB.141.314.r,180.4309788999453,67.0,0.81365827
CFIS_LSB.144.313.r,180.5646849384817,66.5,0.66325431
CFIS_LSB.260.268.r,180.72126683216823,44.0,0.8768977
CFIS_LSB.150.311.r,180.8565761033426,65.5,0.80867757
CFIS_LSB.153.310.r,181.01442111116611,65.0,0.76331686
CFIS_LSB.156.309.r,181.17999879276763,64.5,0.84209312
CFIS_LSB.118.322.r,181.22165571867723,71.0,0.77531864
CFIS_LSB.159.308.r,181.3531766000363,64.0,0.67053932
CFIS_LSB.136.316.r,181.523767053673,68.0,0.86957804
CFIS_LSB.162.307.r,181.5338345911301,63.5,0.01160613
CFIS_LSB.139.315.r,181.6122521178163,67.5,0.82274784
CFIS_LSB.142.314.r,181.71063123256903,67.0,0.81869364
CFIS_LSB.091.331.r,181.72377691194012,75.5,0.01002935
CFIS_LSB.145.313.r,181.8186063616656,66.5,0.8031854
CFIS_LSB.148.312.r,181.93590683249363,66.0,0.83420124
CFIS_LSB.214.288.r,182.03927298733652,54.0,0.0
CFIS_LSB.085.333.r,182.0554467135753,76.5,0.01678287
CFIS_LSB.151.311.r,182.06228661069824,65.5,0.68928293
CFIS_LSB.154.310.r,182.1975219027424,65.0,0.75118523
CFIS_LSB.082.334.r,182.2618707860179,77.0,0.08675603
CFIS_LSB.157.309.r,182.3414090414392,64.5,0.80726241
CFIS_LSB.160.308.r,182.49376261638872,64.0,0.69763155
CFIS_LSB.079.335.r,182.49893945613928,77.5,0.0454437
CFIS_LSB.212.289.r,182.53738672679373,54.5,0.0
CFIS_LSB.163.307.r,182.65441381700128,63.5,0.00733425
CFIS_LSB.122.321.r,182.7404030582864,70.5,0.8517386
CFIS_LSB.119.322.r,182.75743246205587,71.0,0.7505865
CFIS_LSB.076.336.r,182.76990510027687,78.0,0.22325809
CFIS_LSB.116.323.r,182.78962766292773,71.5,0.64837557
CFIS_LSB.137.316.r,182.85850063495,68.0,0.86108535
CFIS_LSB.215.288.r,182.8899237956886,54.0,0.01336522
CFIS_LSB.140.315.r,182.91881508269267,67.5,0.86171734
CFIS_LSB.143.314.r,182.99028356519275,67.0,0.83505605
CFIS_LSB.210.290.r,183.06191354021527,55.0,0.05356704
CFIS_LSB.146.313.r,183.07252778484943,66.5,0.86509395
CFIS_LSB.149.312.r,183.16520350028077,66.0,0.63870605
CFIS_LSB.152.311.r,183.26799711805384,65.5,0.83080228
CFIS_LSB.155.310.r,183.38062269431865,65.0,0.79932705
CFIS_LSB.213.289.r,183.3984121358824,54.5,0.2337255
CFIS_LSB.158.309.r,183.5028192901108,64.5,0.7261537
CFIS_LSB.095.330.r,183.525906994923,75.0,0.34845851
CFIS_LSB.161.308.r,183.6343486327412,64.0,0.68290198
CFIS_LSB.092.331.r,183.72074149339005,75.5,0.00883652
CFIS_LSB.216.288.r,183.74057460404063,54.0,0.03653294
CFIS_LSB.164.307.r,183.77499304287247,63.5,0.01132463
CFIS_LSB.211.290.r,183.9336369380258,55.0,0.65693188
CFIS_LSB.086.333.r,184.1972754984409,76.5,0.0
CFIS_LSB.141.315.r,184.22537804756905,67.5,0.85954531
CFIS_LSB.123.321.r,184.23827521450184,70.5,0.78696862
CFIS_LSB.214.289.r,184.259437544971,54.5,0.6248916
CFIS_LSB.144.314.r,184.26993589781648,67.0,0.76196722
CFIS_LSB.120.322.r,184.2932092054345,71.0,0.85036991
CFIS_LSB.147.313.r,184.32644920803335,66.5,0.8444409
CFIS_LSB.117.323.r,184.3654003151944,71.5,0.8351107
CFIS_LSB.150.312.r,184.39450016806785,66.0,0.85807858
CFIS_LSB.153.311.r,184.47370762540947,65.5,0.73985596
CFIS_LSB.083.334.r,184.4845765273108,77.0,0.20981669
CFIS_LSB.156.310.r,184.56372348589488,65.0,0.79995606
CFIS_LSB.217.288.r,184.59122541239267,54.0,0.04096757
CFIS_LSB.159.309.r,184.6642295387824,64.5,0.86087877
CFIS_LSB.162.308.r,184.7749346490936,64.0,0.71871895
CFIS_LSB.212.290.r,184.8053603358364,55.0,0.70868402
CFIS_LSB.080.335.r,184.80905261381196,77.5,0.03178688
CFIS_LSB.105.327.r,184.8491674093513,73.5,0.8309204
CFIS_LSB.165.307.r,184.8955722687436,63.5,0.00663337
CFIS_LSB.102.328.r,185.02571920570836,74.0,0.60131294
CFIS_LSB.215.289.r,185.1204629540597,54.5,0.68417143
CFIS_LSB.077.336.r,185.1747722726489,78.0,0.07591277
CFIS_LSB.096.330.r,185.45775864750112,75.0,0.64719283
CFIS_LSB.148.313.r,185.58037063121728,66.5,0.78332362
CFIS_LSB.151.312.r,185.623796835855,66.0,0.82991379
CFIS_LSB.154.311.r,185.67941813276508,65.5,0.82491427
CFIS_LSB.093.331.r,185.71770607483995,75.5,0.44811265
CFIS_LSB.124.321.r,185.7361473707173,70.5,0.78058166
CFIS_LSB.157.310.r,185.74682427747112,65.0,0.83735119
CFIS_LSB.160.309.r,185.825639787454,64.5,0.82170221
CFIS_LSB.121.322.r,185.8289859488131,71.0,0.83702512
CFIS_LSB.197.296.r,185.87737160778607,58.0,0.26893338
CFIS_LSB.163.308.r,185.915520665446,64.0,0.5480822
CFIS_LSB.118.323.r,185.94117296746097,71.5,0.79692454
CFIS_LSB.090.332.r,186.0104472497436,76.0,0.0
CFIS_LSB.166.307.r,186.0161514946148,63.5,0.01087909
CFIS_LSB.109.326.r,186.40654728091312,73.0,0.78036743
CFIS_LSB.195.297.r,186.6033834045169,58.5,0.0
CFIS_LSB.106.327.r,186.6096356703928,73.5,0.58419567
CFIS_LSB.084.334.r,186.7072822686037,77.0,0.13404539
CFIS_LSB.198.296.r,186.820911565186,58.0,0.32493479
CFIS_LSB.146.314.r,186.82924056306396,67.0,0.76079478
CFIS_LSB.149.313.r,186.8342920544012,66.5,0.82830521
CFIS_LSB.103.328.r,186.83969684498,74.0,0.76478496
CFIS_LSB.152.312.r,186.8530935036421,66.0,0.84436609
CFIS_LSB.155.311.r,186.8851286401207,65.5,0.77823604
CFIS_LSB.158.310.r,186.92992506904736,65.0,0.85394046
CFIS_LSB.161.309.r,186.9870500361256,64.5,0.85909732
CFIS_LSB.201.295.r,187.0464791687096,57.5,0.79263346
CFIS_LSB.164.308.r,187.05610668179844,64.0,0.68087681
CFIS_LSB.100.329.r,187.09887679214984,74.5,0.76291541
CFIS_LSB.081.335.r,187.11916577148455,77.5,0.07187651
CFIS_LSB.167.307.r,187.136730720486,63.5,0.00698816
CFIS_LSB.122.322.r,187.36476269219173,71.0,0.85645966
CFIS_LSB.097.330.r,187.38961030007928,75.0,0.70313714
CFIS_LSB.196.297.r,187.5603238322324,58.5,0.0
CFIS_LSB.094.331.r,187.71467065628983,75.5,0.48512944
CFIS_LSB.199.296.r,187.76445152258592,58.0,0.31246067
CFIS_LSB.202.295.r,187.97705866706136,57.5,0.74195713
CFIS_LSB.091.332.r,188.07722999696296,76.0,0.0
CFIS_LSB.153.312.r,188.0823901714292,66.0,0.7203129
CFIS_LSB.150.313.r,188.08821347758507,66.5,0.79143756
CFIS_LSB.147.314.r,188.1088928956877,67.0,0.82548327
CFIS_LSB.159.310.r,188.1130258606236,65.0,0.83238881
CFIS_LSB.110.326.r,188.1166990908297,73.0,0.75786929
CFIS_LSB.162.309.r,188.14846028479715,64.5,0.85761254
CFIS_LSB.165.308.r,188.19669269815088,64.0,0.70440196
CFIS_LSB.168.307.r,188.25730994635717,63.5,0.01248766
CFIS_LSB.107.327.r,188.37010393143424,73.5,0.53128141
CFIS_LSB.197.297.r,188.51726425994784,58.5,0.0
CFIS_LSB.104.328.r,188.6536744842516,74.0,0.81175014
CFIS_LSB.200.296.r,188.70799147998585,58.0,0.32196887
CFIS_LSB.203.295.r,188.90763816541315,57.5,0.71884317
CFIS_LSB.101.329.r,188.96986556007133,74.5,0.83624396
CFIS_LSB.120.323.r,189.09271827199424,71.5,0.81188906
CFIS_LSB.163.309.r,189.30987053346877,64.5,0.7958423
CFIS_LSB.154.312.r,189.31168683921635,66.0,0.84574042
CFIS_LSB.098.330.r,189.3214619526574,75.0,0.74976436
CFIS_LSB.166.308.r,189.3372787145033,64.0,0.659252
CFIS_LSB.151.313.r,189.34213490076897,66.5,0.83925971
CFIS_LSB.169.307.r,189.37788917222832,63.5,0.00677432
CFIS_LSB.148.314.r,189.3885452283114,67.0,0.8235016
CFIS_LSB.201.296.r,189.65153143738576,58.0,0.32615492
CFIS_LSB.095.331.r,189.71163523773973,75.5,0.57240712
CFIS_LSB.111.326.r,189.8268509007464,73.0,0.68271817
CFIS_LSB.108.327.r,190.13057219247565,73.5,0.81763388
CFIS_LSB.124.322.r,190.43631617894897,71.0,0.77644149
CFIS_LSB.105.328.r,190.4676521235233,74.0,0.8085481
CFIS_LSB.167.308.r,190.4778647308557,64.0,0.692286
CFIS_LSB.152.313.r,190.5960563239529,66.5,0.87748019
CFIS_LSB.121.323.r,190.6684909242608,71.5,0.77913721
CFIS_LSB.102.329.r,190.84085432799284,74.5,0.76179347
CFIS_LSB.118.324.r,190.9280106724876,72.0,0.58240026
CFIS_LSB.115.325.r,191.2167975968248,72.5,0.78057629
CFIS_LSB.099.330.r,191.25331360523555,75.0,0.7454552
CFIS_LSB.112.326.r,191.53700271066305,73.0,0.77778068
CFIS_LSB.109.327.r,191.8910404535171,73.5,0.77021177
CFIS_LSB.125.322.r,191.9720929223276,71.0,0.71724062
CFIS_LSB.122.323.r,192.24426357652743,71.5,0.75371935
CFIS_LSB.106.328.r,192.2816297627949,74.0,0.83662978
CFIS_LSB.119.324.r,192.54604466123743,72.0,0.65662764
CFIS_LSB.337.238.r,192.65516043665443,29.0,0.0150567
CFIS_LSB.103.329.r,192.71184309591436,74.5,0.76171026
CFIS_LSB.116.325.r,192.8795523585363,72.5,0.76878891
CFIS_LSB.336.239.r,193.0245309862381,29.5,0.6047124
CFIS_LSB.100.330.r,193.18516525781368,75.0,0.843258
CFIS_LSB.338.238.r,193.22683747059108,29.0,0.05338075
CFIS_LSB.113.326.r,193.24715452057964,73.0,0.77065937
CFIS_LSB.335.240.r,193.41234017852463,30.0,0.83455642
CFIS_LSB.126.322.r,193.5078696657062,71.0,0.80451406
CFIS_LSB.337.239.r,193.59900875703048,29.5,0.43563444
CFIS_LSB.110.327.r,193.65150871455853,73.5,0.83211647
CFIS_LSB.339.238.r,193.79851450452776,29.0,0.0
CFIS_LSB.123.323.r,193.82003622879407,71.5,0.69214548
CFIS_LSB.336.240.r,193.98969044771425,30.0,0.7908642
CFIS_LSB.120.324.r,194.16407864998737,72.0,0.68125067
CFIS_LSB.338.239.r,194.1734865278229,29.5,0.35425721
CFIS_LSB.340.238.r,194.3701915384644,29.0,0.0
CFIS_LSB.117.325.r,194.5423071202478,72.5,0.78301496
CFIS_LSB.337.240.r,194.56704071690388,30.0,0.76426552
CFIS_LSB.104.329.r,194.58283186383585,74.5,0.81945359
CFIS_LSB.339.239.r,194.74796429861524,29.5,0.41584624
CFIS_LSB.215.293.r,194.7686110203701,56.5,0.47587266
CFIS_LSB.341.238.r,194.94186857240103,29.0,0.00011819
CFIS_LSB.114.326.r,194.9573063304963,73.0,0.80472577
CFIS_LSB.338.240.r,195.1443909860935,30.0,0.76465095
CFIS_LSB.340.239.r,195.3224420694076,29.5,0.35230263
CFIS_LSB.124.323.r,195.39580888106067,71.5,0.7718847
CFIS_LSB.111.327.r,195.4119769756,73.5,0.78944221
CFIS_LSB.213.294.r,195.54235585971455,57.0,0.37998782
CFIS_LSB.216.293.r,195.67451153674392,56.5,0.35869365
CFIS_LSB.219.292.r,195.8179356718684,56.0,0.73831727
CFIS_LSB.214.294.r,196.4603950891029,57.0,0.34600126
CFIS_LSB.217.293.r,196.58041205311773,56.5,0.8215954
CFIS_LSB.115.326.r,196.6674581404129,73.0,0.63364564
CFIS_LSB.220.292.r,196.71208149685407,56.0,0.86247674
CFIS_LSB.215.294.r,197.3784343184913,57.0,0.88362254
CFIS_LSB.218.293.r,197.48631256949156,56.5,0.84464118
CFIS_LSB.221.292.r,197.60622732183975,56.0,0.77256171
CFIS_LSB.213.295.r,198.21343314893105,57.5,0.80704833
CFIS_LSB.219.293.r,198.39221308586536,56.5,0.67789504
CFIS_LSB.211.296.r,199.08693101138508,58.0,0.61668911
CFIS_LSB.214.295.r,199.1440126472828,57.5,0.79014188
CFIS_LSB.217.294.r,199.2145127772679,57.0,0.80211665
CFIS_LSB.212.296.r,200.030470968785,58.0,0.79355815
CFIS_LSB.215.295.r,200.0745921456346,57.5,0.8219159
CFIS_LSB.218.294.r,200.13255200665623,57.0,0.84833038
CFIS_LSB.185.305.r,200.32545274351847,62.5,0.00123565
CFIS_LSB.213.296.r,200.9740109261849,58.0,0.79606533
CFIS_LSB.216.295.r,201.0051716439864,57.5,0.84279823
CFIS_LSB.219.294.r,201.05059123604457,57.0,0.76930791
CFIS_LSB.277.273.r,201.2044444687734,46.5,0.78898321
CFIS_LSB.186.305.r,201.40829302861852,62.5,0.00376027
CFIS_LSB.280.272.r,201.53791554760167,46.0,0.62250327
CFIS_LSB.183.306.r,201.5460677095519,63.0,0.56764187
CFIS_LSB.275.274.r,201.61338802544844,47.0,0.74370025
CFIS_LSB.283.271.r,201.88062450757664,45.5,0.78536123
CFIS_LSB.278.273.r,201.93081430440077,46.5,0.81628946
CFIS_LSB.217.295.r,201.93575114233815,57.5,0.86037337
CFIS_LSB.260.280.r,202.2440974918536,50.0,0.75605233
CFIS_LSB.281.272.r,202.2576938174145,46.0,0.74401528
CFIS_LSB.091.334.r,202.266222457654,77.0,0.57148106
CFIS_LSB.276.274.r,202.34652761826823,47.0,0.69127827
CFIS_LSB.190.304.r,202.35517447800368,62.0,0.24931209
CFIS_LSB.263.279.r,202.4796291837412,49.5,0.76110933
CFIS_LSB.187.305.r,202.49113331371865,62.5,0.1897831
CFIS_LSB.289.269.r,202.5936333743041,44.5,0.7546148
CFIS_LSB.284.271.r,202.59398360477655,45.5,0.67064283
CFIS_LSB.184.306.r,202.64741234184453,63.0,0.71984384
CFIS_LSB.279.273.r,202.65718414002808,46.5,0.75326104
CFIS_LSB.258.281.r,202.8052460964125,50.5,0.79850906
CFIS_LSB.287.270.r,202.93964620053916,45.0,0.78952166
CFIS_LSB.292.268.r,202.96388428843508,44.0,0.79689004
CFIS_LSB.282.272.r,202.9774720872274,46.0,0.6784807
CFIS_LSB.261.280.r,203.0219594052838,50.0,0.83168702
CFIS_LSB.277.274.r,203.0796672110881,47.0,0.73298128
CFIS_LSB.236.289.r,203.2019965449213,54.5,0.83250709
CFIS_LSB.264.279.r,203.2495137053524,49.5,0.81961629
CFIS_LSB.088.335.r,203.28995787519312,77.5,0.70588286
CFIS_LSB.290.269.r,203.29464940674117,44.5,0.77439506
CFIS_LSB.285.271.r,203.3073427019765,45.5,0.73052808
CFIS_LSB.280.273.r,203.38355397565545,46.5,0.75080454
CFIS_LSB.191.304.r,203.4202017120984,62.0,0.82719584
CFIS_LSB.095.333.r,203.47373456223124,76.5,0.2506903
CFIS_LSB.188.305.r,203.57397359881875,62.5,0.74794094
CFIS_LSB.259.281.r,203.59131294174745,50.5,0.81155489
CFIS_LSB.288.270.r,203.64675298172568,45.0,0.78061619
CFIS_LSB.293.268.r,203.65896608394343,44.0,0.73444031
CFIS_LSB.283.272.r,203.69725035704025,46.0,0.64587812
CFIS_LSB.185.306.r,203.7487569741372,63.0,0.81808474
CFIS_LSB.262.280.r,203.799821318714,50.0,0.76710547
CFIS_LSB.278.274.r,203.81280680390788,47.0,0.78291475
CFIS_LSB.234.290.r,203.9832750876685,55.0,0.84946912
CFIS_LSB.291.269.r,203.9956654391782,44.5,0.80845066
CFIS_LSB.265.279.r,204.0193982269636,49.5,0.66202623
CFIS_LSB.286.271.r,204.0207017991764,45.5,0.72625597
CFIS_LSB.237.289.r,204.06302195401,54.5,0.7719751
CFIS_LSB.281.273.r,204.10992381128275,46.5,0.74606382
CFIS_LSB.240.288.r,204.1561940044896,54.0,0.81387666
CFIS_LSB.153.316.r,204.21423793538213,68.0,0.69878407
CFIS_LSB.289.270.r,204.3538597629122,45.0,0.76878363
CFIS_LSB.294.268.r,204.35404787945177,44.0,0.81626116
CFIS_LSB.260.281.r,204.3773797870824,50.5,0.6900988
CFIS_LSB.085.336.r,204.41370965162545,78.0,0.08178622
CFIS_LSB.284.272.r,204.41702862685312,46.0,0.7356747
CFIS_LSB.092.334.r,204.4889281989469,77.0,0.7037808
CFIS_LSB.263.280.r,204.5776832321442,50.0,0.789429
CFIS_LSB.150.317.r,204.63778708282248,68.5,0.77699568
CFIS_LSB.189.305.r,204.6568138839189,62.5,0.81595152
CFIS_LSB.292.269.r,204.6966814716152,44.5,0.78225484
CFIS_LSB.266.279.r,204.78928274857475,49.5,0.79400714
CFIS_LSB.235.290.r,204.854998485479,55.0,0.81591035
CFIS_LSB.238.289.r,204.92404736309865,54.5,0.64238031
CFIS_LSB.307.263.r,204.952036200875,41.5,0.64125125
CFIS_LSB.205.300.r,204.99999999999997,60.0,0.84620912
CFIS_LSB.241.288.r,205.0068448128416,54.0,0.77801211
CFIS_LSB.295.268.r,205.0491296749601,44.0,0.7490938
CFIS_LSB.290.270.r,205.0609665440988,45.0,0.66302815
CFIS_LSB.157.315.r,205.1303854855911,67.5,0.75729756
CFIS_LSB.285.272.r,205.136806896666,46.0,0.75220375
CFIS_LSB.305.264.r,205.20899126497235,42.0,0.72105294
CFIS_LSB.264.280.r,205.3555451455744,50.0,0.73902934
CFIS_LSB.310.262.r,205.37701396906573,41.0,0.3885363
CFIS_LSB.293.269.r,205.39769750405227,44.5,0.77064804
CFIS_LSB.298.267.r,205.41117242957569,43.5,0.55827232
CFIS_LSB.288.271.r,205.44741999357623,45.5,0.87820794
CFIS_LSB.154.316.r,205.54897151665915,68.0,0.72244282
CFIS_LSB.283.273.r,205.56266348253743,46.5,0.75478255
CFIS_LSB.089.335.r,205.60007103286577,77.5,0.46998865
CFIS_LSB.096.333.r,205.61556334709684,76.5,0.71459043
CFIS_LSB.308.263.r,205.6196324099984,41.5,0.51118294
CFIS_LSB.082.337.r,205.64992118644005,78.5,0.01315945
CFIS_LSB.236.290.r,205.72672188328957,55.0,0.80821318
CFIS_LSB.296.268.r,205.74421147046849,44.0,0.81829961
CFIS_LSB.239.289.r,205.78507277218725,54.5,0.73326891
CFIS_LSB.286.272.r,205.85658516647885,46.0,0.83844656
CFIS_LSB.242.288.r,205.8574956211937,54.0,0.78052941
CFIS_LSB.306.264.r,205.88180762977555,42.0,0.5375972
CFIS_LSB.209.299.r,205.8957659681202,59.5,0.78778069
CFIS_LSB.206.300.r,205.99999999999997,60.0,0.70354173
CFIS_LSB.151.317.r,206.002038996708,68.5,0.74290719
CFIS_LSB.311.262.r,206.0395204657401,41.0,0.0
CFIS_LSB.294.269.r,206.0987135364893,44.5,0.84723545
CFIS_LSB.299.267.r,206.1004716659165,43.5,0.3307845
CFIS_LSB.203.301.r,206.1233625350359,60.5,0.74894646
CFIS_LSB.289.271.r,206.16077909077612,45.5,0.7580857
CFIS_LSB.309.263.r,206.2872286191217,41.5,0.04208186
CFIS_LSB.284.273.r,206.2890333181648,46.5,0.78878171
CFIS_LSB.158.315.r,206.43694845046747,67.5,0.66933365
CFIS_LSB.297.268.r,206.4392932659768,44.0,0.81017218
CFIS_LSB.307.264.r,206.55462399457872,42.0,0.00088358
CFIS_LSB.287.272.r,206.5763634362917,46.0,0.79154097
CFIS_LSB.240.289.r,206.6460981812759,54.5,0.6634341
CFIS_LSB.216.297.r,206.6991323865418,58.5,0.82609934
CFIS_LSB.093.334.r,206.7116339402398,77.0,0.69447702
CFIS_LSB.300.267.r,206.78977090225737,43.5,0.27761831
CFIS_LSB.295.269.r,206.79972956892635,44.5,0.84555515
CFIS_LSB.086.336.r,206.81857682399752,78.0,0.02169016
CFIS_LSB.345.247.r,206.8628527253044,33.5,0.73776602
CFIS_LSB.290.271.r,206.8741381879761,45.5,0.88311881
CFIS_LSB.210.299.r,206.8809131737093,59.5,0.84632242
CFIS_LSB.155.316.r,206.8837050979361,68.0,0.69496159
CFIS_LSB.207.300.r,207.0,60.0,0.74755899
CFIS_LSB.285.273.r,207.0154031537921,46.5,0.78379943
CFIS_LSB.298.268.r,207.13437506148512,44.0,0.4866098
CFIS_LSB.204.301.r,207.138748557376,60.5,0.72454748
CFIS_LSB.288.272.r,207.29614170610455,46.0,0.80370514
CFIS_LSB.152.317.r,207.36629091059345,68.5,0.65583837
CFIS_LSB.346.247.r,207.46245519697197,33.5,0.71575276
CFIS_LSB.344.248.r,207.4694871426717,34.0,0.78340456
CFIS_LSB.348.246.r,207.47121295345485,33.0,0.7508075
CFIS_LSB.283.274.r,207.47850476800693,47.0,0.84522752
CFIS_LSB.296.269.r,207.50074560136335,44.5,0.78144485
CFIS_LSB.220.296.r,207.57879062798443,58.0,0.86090324
CFIS_LSB.291.271.r,207.587497285176,45.5,0.84137329
CFIS_LSB.217.297.r,207.65607281425727,58.5,0.66946467
CFIS_LSB.286.273.r,207.74177298941945,46.5,0.80525065
CFIS_LSB.159.315.r,207.74351141534385,67.5,0.81706218
CFIS_LSB.214.298.r,207.75163082590805,59.0,0.85541979
CFIS_LSB.097.333.r,207.7573921319624,76.5,0.56425418
CFIS_LSB.299.268.r,207.82945685699343,44.0,0.08586957
CFIS_LSB.211.299.r,207.8660603792984,59.5,0.80603626
CFIS_LSB.090.335.r,207.9101841905384,77.5,0.46547521
CFIS_LSB.281.275.r,207.96630622557768,47.5,0.86610698
CFIS_LSB.208.300.r,207.99999999999997,60.0,0.8767532
CFIS_LSB.289.272.r,208.01591997591743,46.0,0.79079312
CFIS_LSB.347.247.r,208.06205766863948,33.5,0.66182546
CFIS_LSB.349.246.r,208.0673945998728,33.0,0.74466079
CFIS_LSB.345.248.r,208.0725961169237,34.0,0.72937234
CFIS_LSB.364.238.r,208.09044035294423,29.0,0.0
CFIS_LSB.205.301.r,208.15413457971607,60.5,0.84544489
CFIS_LSB.083.337.r,208.15784705456736,78.5,0.16850759
CFIS_LSB.284.274.r,208.21164436082677,47.0,0.80696597
CFIS_LSB.156.316.r,208.2184386792132,68.0,0.77810304
CFIS_LSB.292.271.r,208.3008563823759,45.5,0.82341986
CFIS_LSB.287.273.r,208.4681428250468,46.5,0.82595891
CFIS_LSB.221.296.r,208.5223305853844,58.0,0.80963105
CFIS_LSB.363.239.r,208.53543079763224,29.5,0.37828833
CFIS_LSB.218.297.r,208.6130132419728,58.5,0.80469217
CFIS_LSB.348.247.r,208.66166014030705,33.5,0.80504018
CFIS_LSB.365.238.r,208.6621173868809,29.0,0.0
CFIS_LSB.350.246.r,208.6635762462908,33.0,0.70553408
CFIS_LSB.346.248.r,208.67570509117564,34.0,0.78065121
CFIS_LSB.282.275.r,208.7063998420388,47.5,0.8623839
CFIS_LSB.215.298.r,208.72243283911325,59.0,0.81166314
CFIS_LSB.153.317.r,208.73054282447893,68.5,0.72641685
CFIS_LSB.290.272.r,208.7356982457303,46.0,0.77970976
CFIS_LSB.274.278.r,208.82267287869652,49.0,0.65427588
CFIS_LSB.094.334.r,208.93433968153272,77.0,0.63918566
CFIS_LSB.285.274.r,208.9447839536465,47.0,0.80447803
CFIS_LSB.209.300.r,208.99999999999997,60.0,0.82244461
CFIS_LSB.293.271.r,209.01421547957585,45.5,0.78434002
CFIS_LSB.160.315.r,209.0500743802202,67.5,0.79044584
CFIS_LSB.364.239.r,209.1099085684246,29.5,0.38284951
CFIS_LSB.288.273.r,209.19451266067412,46.5,0.7878282
CFIS_LSB.240.290.r,209.2136154745317,55.0,0.81936727
CFIS_LSB.087.336.r,209.2234439963696,78.0,0.0
CFIS_LSB.366.238.r,209.2337944208176,29.0,0.0
CFIS_LSB.349.247.r,209.2612626119746,33.5,0.78206589
CFIS_LSB.272.279.r,209.40858987824183,49.5,0.71981413
CFIS_LSB.283.275.r,209.44649345849996,47.5,0.87110235
CFIS_LSB.291.272.r,209.45547651554315,46.0,0.72566355
CFIS_LSB.222.296.r,209.4658705427843,58.0,0.8266026
CFIS_LSB.157.316.r,209.55317226049016,68.0,0.60763665
CFIS_LSB.219.297.r,209.5699536696882,58.5,0.82670675
CFIS_LSB.275.278.r,209.58479942204943,49.0,0.7000799
CFIS_LSB.337.253.r,209.61443293601096,36.5,0.0
CFIS_LSB.286.274.r,209.6779235464664,47.0,0.7973908
CFIS_LSB.365.239.r,209.68438633921696,29.5,0.36139698
CFIS_LSB.216.298.r,209.69323485231843,59.0,0.79512072
CFIS_LSB.294.271.r,209.7275745767757,45.5,0.7238695
CFIS_LSB.278.277.r,209.7733088129323,48.5,0.70682359
CFIS_LSB.367.238.r,209.80547145475424,29.0,0.0
CFIS_LSB.267.281.r,209.87984770442688,50.5,0.78414836
CFIS_LSB.098.333.r,209.899220916828,76.5,0.07515675
CFIS_LSB.289.273.r,209.9208824963015,46.5,0.63060884
CFIS_LSB.241.290.r,210.08533887234228,55.0,0.81996143
CFIS_LSB.244.289.r,210.0901998176305,54.5,0.81306551
CFIS_LSB.238.291.r,210.09655657409783,55.5,0.80433964
CFIS_LSB.292.272.r,210.17525478535603,46.0,0.79084649
CFIS_LSB.273.279.r,210.17847439985303,49.5,0.71368224
CFIS_LSB.284.275.r,210.18658707496107,47.5,0.84570115
CFIS_LSB.091.335.r,210.22029734821103,77.5,0.46777304
CFIS_LSB.338.253.r,210.2364342206876,36.5,0.27784494
CFIS_LSB.276.278.r,210.3469259654024,49.0,0.72057305
CFIS_LSB.336.254.r,210.358790570246,37.0,0.0
CFIS_LSB.368.238.r,210.3771484886909,29.0,0.0
CFIS_LSB.287.274.r,210.41106313928617,47.0,0.74083089
CFIS_LSB.295.271.r,210.44093367397565,45.5,0.76441291
CFIS_LSB.334.255.r,210.49889313971417,37.5,0.0
CFIS_LSB.220.297.r,210.52689409740367,58.5,0.83589442
CFIS_LSB.279.277.r,210.52788906046084,48.5,0.79144477
CFIS_LSB.265.282.r,210.5445841012118,51.0,0.69981197
CFIS_LSB.290.273.r,210.64725233192885,46.5,0.76718346
CFIS_LSB.084.337.r,210.6657729226947,78.5,0.01520414
CFIS_LSB.268.281.r,210.66591454976185,50.5,0.80581986
CFIS_LSB.271.280.r,210.80057853958587,50.0,0.77231806
CFIS_LSB.339.253.r,210.85843550536413,36.5,0.67684294
CFIS_LSB.293.272.r,210.89503305516888,46.0,0.64781796
CFIS_LSB.274.279.r,210.9483589214642,49.5,0.78972361
CFIS_LSB.245.289.r,210.95122522671917,54.5,0.41596298
CFIS_LSB.242.290.r,210.95706227015285,55.0,0.75231336
CFIS_LSB.239.291.r,210.97931521516543,55.5,0.79385085
CFIS_LSB.337.254.r,210.98485839932405,37.0,0.08719771
CFIS_LSB.277.278.r,211.10905250875527,49.0,0.79612039
CFIS_LSB.335.255.r,211.1291293467193,37.5,0.19638447
CFIS_LSB.288.274.r,211.144202732106,47.0,0.75957379
CFIS_LSB.095.334.r,211.15704542282563,77.0,0.48418705
CFIS_LSB.280.277.r,211.28246930798937,48.5,0.80888701
CFIS_LSB.266.282.r,211.33909196574467,51.0,0.85245125
CFIS_LSB.224.296.r,211.35295045758411,58.0,0.86240955
CFIS_LSB.291.273.r,211.37362216755616,46.5,0.68120173
CFIS_LSB.269.281.r,211.4519813950968,50.5,0.83871204
CFIS_LSB.272.280.r,211.57844045301607,50.0,0.76843856
CFIS_LSB.338.254.r,211.61092622840212,37.0,0.65632379
CFIS_LSB.294.272.r,211.61481132498176,46.0,0.793704
CFIS_LSB.088.336.r,211.6283111687416,78.0,0.05647229
CFIS_LSB.246.289.r,211.8122506358078,54.5,0.83505564
CFIS_LSB.243.290.r,211.8287856679634,55.0,0.79084212
CFIS_LSB.240.291.r,211.8620738562331,55.5,0.7403322
CFIS_LSB.278.278.r,211.87117905210815,49.0,0.62440545
CFIS_LSB.289.274.r,211.87734232492585,47.0,0.65504886
CFIS_LSB.281.277.r,212.0370495555179,48.5,0.76540272
CFIS_LSB.292.273.r,212.0999920031835,46.5,0.76607789
CFIS_LSB.267.282.r,212.13359983027755,51.0,0.83724715
CFIS_LSB.228.295.r,212.1721256242079,57.5,0.8246129
CFIS_LSB.284.276.r,212.21567008077443,48.0,0.59359845
CFIS_LSB.270.281.r,212.23804824043168,50.5,0.77732674
CFIS_LSB.081.338.r,212.25414409879772,79.0,0.11824823
CFIS_LSB.225.296.r,212.29649041498408,58.0,0.86825203
CFIS_LSB.273.280.r,212.35630236644627,50.0,0.7634054
CFIS_LSB.222.297.r,212.44077495283463,58.5,0.72206266
CFIS_LSB.092.335.r,212.5304105058837,77.5,0.41800403
CFIS_LSB.279.278.r,212.63330559546108,49.0,0.76283434
CFIS_LSB.244.290.r,212.70050906577396,55.0,0.80029646
CFIS_LSB.282.277.r,212.79162980304645,48.5,0.75654687
CFIS_LSB.285.276.r,212.96290835570676,48.0,0.77763258
CFIS_LSB.271.281.r,213.02411508576665,50.5,0.77851666
CFIS_LSB.229.295.r,213.10270512255968,57.5,0.83527646
CFIS_LSB.085.337.r,213.173698790822,78.5,0.16967369
CFIS_LSB.226.296.r,213.240030372384,58.0,0.74079645
CFIS_LSB.280.278.r,213.395432138814,49.0,0.63391559
CFIS_LSB.223.297.r,213.3977153805501,58.5,0.7920572
CFIS_LSB.283.277.r,213.54621005057496,48.5,0.72430517
CFIS_LSB.286.276.r,213.71014663063903,48.0,0.70267568
CFIS_LSB.272.281.r,213.8101819311016,50.5,0.72177366
CFIS_LSB.330.259.r,213.83455575713828,39.5,0.67982352
CFIS_LSB.078.339.r,214.00876637349455,79.5,0.01141369
CFIS_LSB.089.336.r,214.03317834111368,78.0,0.56493054
CFIS_LSB.230.295.r,214.03328462091145,57.5,0.84502719
CFIS_LSB.328.260.r,214.0867954504937,40.0,0.8198358
CFIS_LSB.227.296.r,214.18357032978395,58.0,0.72136912
CFIS_LSB.333.258.r,214.24546772121235,39.0,0.78506668
CFIS_LSB.284.277.r,214.30079029810352,48.5,0.70671521
CFIS_LSB.224.297.r,214.3546558082656,58.5,0.80049986
CFIS_LSB.331.259.r,214.48253925943263,39.5,0.81809536
CFIS_LSB.270.282.r,214.51712342387617,51.0,0.77287527
CFIS_LSB.273.281.r,214.59624877643648,50.5,0.78679873
CFIS_LSB.360.246.r,214.62539271047052,33.0,0.73577986
CFIS_LSB.276.280.r,214.6898881067369,50.0,0.76531029
CFIS_LSB.237.293.r,214.698422380594,56.5,0.73450286
CFIS_LSB.329.260.r,214.73949909515983,40.0,0.73601993
CFIS_LSB.082.338.r,214.87456563088168,79.0,0.0
CFIS_LSB.334.258.r,214.88884750415892,39.0,0.64684595
CFIS_LSB.228.296.r,215.12711028718385,58.0,0.77819464
CFIS_LSB.332.259.r,215.13052276172692,39.5,0.7690806
CFIS_LSB.363.245.r,215.20256210930015,32.5,0.73405948
CFIS_LSB.361.246.r,215.2215743568885,33.0,0.6892521
CFIS_LSB.268.283.r,215.25598293362623,51.5,0.7689745
CFIS_LSB.359.247.r,215.25728732865008,33.5,0.5951313
CFIS_LSB.271.282.r,215.31163128840905,51.0,0.79019871
CFIS_LSB.274.281.r,215.38231562177145,50.5,0.79237497
CFIS_LSB.330.260.r,215.392202739826,40.0,0.77105805
CFIS_LSB.277.280.r,215.4677500201671,50.0,0.81439582
CFIS_LSB.241.292.r,215.4891438215538,56.0,0.77565662
CFIS_LSB.335.258.r,215.5322272871055,39.0,0.76584485
CFIS_LSB.238.293.r,215.60432289696783,56.5,0.78840163
CFIS_LSB.323.263.r,215.63357554684893,41.5,0.68243702
CFIS_LSB.086.337.r,215.68162465894932,78.5,0.00036924
CFIS_LSB.235.294.r,215.7392189062579,57.0,0.74519223
CFIS_LSB.219.299.r,215.74723802401112,59.5,0.793678
CFIS_LSB.333.259.r,215.77850626402133,39.5,0.73533648
CFIS_LSB.364.245.r,215.79540663301725,32.5,0.62544711
CFIS_LSB.362.246.r,215.81775600330647,33.0,0.74534361
CFIS_LSB.360.247.r,215.8568898003176,33.5,0.70378213
CFIS_LSB.321.264.r,215.97405310182336,42.0,0.79137641
CFIS_LSB.326.262.r,215.9771179158562,41.0,0.5612045
CFIS_LSB.216.300.r,215.99999999999997,60.0,0.78057771
CFIS_LSB.266.284.r,216.02780964920493,52.0,0.58157186
CFIS_LSB.331.260.r,216.04490638449207,40.0,0.80233072
CFIS_LSB.269.283.r,216.0591768997965,51.5,0.78810695
CFIS_LSB.272.282.r,216.10613915294192,51.0,0.67307797
CFIS_LSB.275.281.r,216.16838246710637,50.5,0.72716609
CFIS_LSB.336.258.r,216.1756070700521,39.0,0.8021271
CFIS_LSB.278.280.r,216.2456119335973,50.0,0.72108039
CFIS_LSB.324.263.r,216.3011717559723,41.5,0.77399103
CFIS_LSB.281.279.r,216.3375505727425,49.5,0.63788487
CFIS_LSB.242.292.r,216.38328964653948,56.0,0.67050124
CFIS_LSB.365.245.r,216.38825115673436,32.5,0.80322005
CFIS_LSB.363.246.r,216.4139376497245,33.0,0.75893295
CFIS_LSB.334.259.r,216.4264897663157,39.5,0.81621102
CFIS_LSB.361.247.r,216.4564922719852,33.5,0.75602965
CFIS_LSB.223.298.r,216.48884894475464,59.0,0.7758496
CFIS_LSB.239.293.r,216.51022341334163,56.5,0.77256581
CFIS_LSB.339.257.r,216.58348244377515,38.5,0.62387786
CFIS_LSB.327.262.r,216.63962441253065,41.0,0.66949637
CFIS_LSB.322.264.r,216.64686946662653,42.0,0.6879628
CFIS_LSB.236.294.r,216.6572581356462,57.0,0.73988332
CFIS_LSB.220.299.r,216.73238522960025,59.5,0.68571087
CFIS_LSB.079.339.r,216.7524685064881,79.5,0.0
CFIS_LSB.337.258.r,216.81898685299868,39.0,0.8390339
CFIS_LSB.267.284.r,216.83994427194637,52.0,0.7924914
CFIS_LSB.270.283.r,216.8623708659668,51.5,0.77331828
CFIS_LSB.273.282.r,216.9006470174748,51.0,0.76039266
CFIS_LSB.276.281.r,216.95444931244128,50.5,0.70111485
CFIS_LSB.325.263.r,216.96876796509568,41.5,0.72518156
CFIS_LSB.252.289.r,216.9784030903397,54.5,0.78232226
CFIS_LSB.217.300.r,216.99999999999997,60.0,0.68304452
CFIS_LSB.364.246.r,217.0101192961424,33.0,0.80624704
CFIS_LSB.279.280.r,217.0234738470275,50.0,0.55391006
CFIS_LSB.335.259.r,217.0744732686101,39.5,0.75692438
CFIS_LSB.282.279.r,217.1074350943537,49.5,0.62257145
CFIS_LSB.285.278.r,217.20606485557852,49.0,0.65181997
CFIS_LSB.340.257.r,217.22237177251785,38.5,0.70884207
CFIS_LSB.243.292.r,217.2774354715252,56.0,0.75590528
CFIS_LSB.328.262.r,217.30213090920503,41.0,0.69342723
CFIS_LSB.288.277.r,217.31911128821764,48.5,0.74489556
CFIS_LSB.323.264.r,217.31968583142972,42.0,0.65506023
CFIS_LSB.240.293.r,217.41612392971547,56.5,0.69906118
CFIS_LSB.224.298.r,217.45965095795984,59.0,0.69991679
CFIS_LSB.338.258.r,217.46236663594527,39.0,0.6625446
CFIS_LSB.083.338.r,217.4949871629656,79.0,0.09946819
CFIS_LSB.237.294.r,217.57529736503452,57.0,0.79565716
CFIS_LSB.326.263.r,217.63636417421904,41.5,0.78349449
CFIS_LSB.268.284.r,217.6520788946877,52.0,0.76065448
CFIS_LSB.271.283.r,217.665564832137,51.5,0.77008309
CFIS_LSB.274.282.r,217.69515488200764,51.0,0.65501764
CFIS_LSB.221.299.r,217.7175324351893,59.5,0.78415624
CFIS_LSB.336.259.r,217.7224567709044,39.5,0.82454799
CFIS_LSB.256.288.r,217.7666069381222,54.0,0.82175426
CFIS_LSB.280.280.r,217.8013357604577,50.0,0.7689634
CFIS_LSB.253.289.r,217.83942849942835,54.5,0.81414551
CFIS_LSB.341.257.r,217.8612611012605,38.5,0.47831776
CFIS_LSB.283.279.r,217.8773196159649,49.5,0.65121029
CFIS_LSB.300.273.r,217.91095068820223,46.5,0.7630802
CFIS_LSB.250.290.r,217.93084945263723,55.0,0.78292222
CFIS_LSB.329.262.r,217.96463740587944,41.0,0.72704102
CFIS_LSB.286.278.r,217.96819139893145,49.0,0.70707315
CFIS_LSB.324.264.r,217.9925021962329,42.0,0.78290107
CFIS_LSB.218.300.r,217.99999999999997,60.0,0.70695569
CFIS_LSB.289.277.r,218.07369153574615,48.5,0.7327857
CFIS_LSB.339.258.r,218.10574641889187,39.0,0.84701157
CFIS_LSB.087.337.r,218.18955052707665,78.5,0.18761977
CFIS_LSB.292.276.r,218.1935762802329,48.0,0.67716962
CFIS_LSB.327.263.r,218.30396038334243,41.5,0.73174802
CFIS_LSB.332.261.r,218.30444198187027,40.5,0.75840509
CFIS_LSB.241.293.r,218.32202444608927,56.5,0.77213971
CFIS_LSB.337.259.r,218.3704402731988,39.5,0.81406627
CFIS_LSB.225.298.r,218.430452971165,59.0,0.76356633
CFIS_LSB.272.283.r,218.46875879830725,51.5,0.8061763
CFIS_LSB.298.274.r,218.4755986603041,47.0,0.73504167
CFIS_LSB.342.257.r,218.50015043000323,38.5,0.72607972
CFIS_LSB.281.280.r,218.5791976738879,50.0,0.64619755
CFIS_LSB.257.288.r,218.61725774647425,54.0,0.78514717
CFIS_LSB.330.262.r,218.62714390255385,41.0,0.79313311
CFIS_LSB.301.273.r,218.6373205238296,46.5,0.79898933
CFIS_LSB.284.279.r,218.64720413757604,49.5,0.55761149
CFIS_LSB.335.260.r,218.65572096315668,40.0,0.83698028
CFIS_LSB.254.289.r,218.700453908517,54.5,0.80307141
CFIS_LSB.222.299.r,218.7026796407784,59.5,0.78004095
CFIS_LSB.312.269.r,218.717002120356,44.5,0.84654862
CFIS_LSB.287.278.r,218.7303179422844,49.0,0.69126612
CFIS_LSB.340.258.r,218.74912620183844,39.0,0.76017296
CFIS_LSB.320.266.r,218.7723937757752,43.0,0.73931208
CFIS_LSB.251.290.r,218.80257285044777,55.0,0.66881565
CFIS_LSB.304.272.r,218.8125940231104,46.0,0.76578901
CFIS_LSB.290.277.r,218.82827178327472,48.5,0.80899179
CFIS_LSB.293.276.r,218.9408145551652,48.0,0.67893389
CFIS_LSB.315.268.r,218.9507655851269,44.0,0.76038006
CFIS_LSB.333.261.r,218.96198548181567,40.5,0.79559171
CFIS_LSB.219.300.r,218.99999999999997,60.0,0.73913555
CFIS_LSB.323.265.r,219.049185342845,42.5,0.75847695
CFIS_LSB.318.267.r,219.1971571563928,43.5,0.80976698
CFIS_LSB.310.270.r,219.2031021678297,45.0,0.77064517
CFIS_LSB.299.274.r,219.20873825312395,47.0,0.77335856
CFIS_LSB.331.262.r,219.28965039922824,41.0,0.83430208
CFIS_LSB.336.260.r,219.3084246078228,40.0,0.77636319
CFIS_LSB.302.273.r,219.3636903594569,46.5,0.77046038
CFIS_LSB.226.298.r,219.4012549843702,59.0,0.77365307
CFIS_LSB.285.279.r,219.41708865918724,49.5,0.68448466
CFIS_LSB.313.269.r,219.41801815279305,44.5,0.66709328
CFIS_LSB.321.266.r,219.45605750632453,43.0,0.67035555
CFIS_LSB.258.288.r,219.4679085548263,54.0,0.55464103
CFIS_LSB.288.278.r,219.4924444856373,49.0,0.75004146
CFIS_LSB.080.339.r,219.4961706394816,79.5,0.00459911
CFIS_LSB.305.272.r,219.53237229292324,46.0,0.7453533
CFIS_LSB.255.289.r,219.5614793176057,54.5,0.66306419
CFIS_LSB.291.277.r,219.58285203080325,48.5,0.71140884
CFIS_LSB.334.261.r,219.61952898176108,40.5,0.84537987
CFIS_LSB.316.268.r,219.64584738063525,44.0,0.80239509
CFIS_LSB.252.290.r,219.67429624825832,55.0,0.71258972
CFIS_LSB.223.299.r,219.6878268463675,59.5,0.83071811
CFIS_LSB.294.276.r,219.68805283009743,48.0,0.72713541
CFIS_LSB.324.265.r,219.7273561952996,42.5,0.81138095
CFIS_LSB.319.267.r,219.8864563927337,43.5,0.67896122
CFIS_LSB.311.270.r,219.9102089490163,45.0,0.7807694
CFIS_LSB.300.274.r,219.9418778459437,47.0,0.76815544
CFIS_LSB.332.262.r,219.95215689590265,41.0,0.81038787
CFIS_LSB.337.260.r,219.96112825248892,40.0,0.79875793
CFIS_LSB.303.273.r,220.09006019508425,46.5,0.75375269
CFIS_LSB.084.338.r,220.11540869504952,79.0,0.0
CFIS_LSB.314.269.r,220.11903418523008,44.5,0.80950008
CFIS_LSB.322.266.r,220.1397212368738,43.0,0.83175101
CFIS_LSB.363.249.r,220.23326343199696,34.5,0.78760664
CFIS_LSB.306.272.r,220.2521505627361,46.0,0.75177889
CFIS_LSB.335.261.r,220.27707248170643,40.5,0.72165158
CFIS_LSB.292.277.r,220.3374322783318,48.5,0.78262774
CFIS_LSB.317.268.r,220.3409291761436,44.0,0.77603414
CFIS_LSB.325.265.r,220.40552704775425,42.5,0.78216573
CFIS_LSB.256.289.r,220.4225047266943,54.5,0.70086969
CFIS_LSB.320.267.r,220.5757556290745,43.5,0.75822705
CFIS_LSB.338.260.r,220.61383189715508,40.0,0.76012511
CFIS_LSB.333.262.r,220.61466339257703,41.0,0.75862429
CFIS_LSB.312.270.r,220.6173157302028,45.0,0.74694874
CFIS_LSB.088.337.r,220.697476395204,78.5,0.0
CFIS_LSB.366.248.r,220.7378845762147,34.0,0.79658614
CFIS_LSB.304.273.r,220.8164300307116,46.5,0.76492856
CFIS_LSB.315.269.r,220.82005021766716,44.5,0.74524652
CFIS_LSB.323.266.r,220.82338496742312,43.0,0.80269372
CFIS_LSB.364.249.r,220.83996663704377,34.5,0.79116419
CFIS_LSB.336.261.r,220.93461598165183,40.5,0.6141612
CFIS_LSB.362.250.r,220.9602005658236,35.0,0.77135547
CFIS_LSB.318.268.r,221.0360109716519,44.0,0.74260766
CFIS_LSB.326.265.r,221.08369790020888,42.5,0.77679377
CFIS_LSB.321.267.r,221.26505486541535,43.5,0.70395855
CFIS_LSB.313.270.r,221.32442251138937,45.0,0.61000074
CFIS_LSB.367.248.r,221.34099355046664,34.0,0.84833433
CFIS_LSB.365.249.r,221.4466698420906,34.5,0.73454216
CFIS_LSB.324.266.r,221.5070486979724,43.0,0.82787215
CFIS_LSB.316.269.r,221.52106625010416,44.5,0.73769838
CFIS_LSB.363.250.r,221.57058786020428,35.0,0.74053614
CFIS_LSB.273.284.r,221.71275200839452,52.0,0.77013743
CFIS_LSB.368.248.r,221.9441025247186,34.0,0.83433978
CFIS_LSB.366.249.r,222.05337304713743,34.5,0.85308629
CFIS_LSB.364.250.r,222.180975154585,35.0,0.76149638
CFIS_LSB.277.283.r,222.48472862915847,51.5,0.54698553
CFIS_LSB.289.279.r,222.496626745632,49.5,0.73943689
CFIS_LSB.274.284.r,222.52488663113596,52.0,0.79753204
CFIS_LSB.271.285.r,222.5830900959708,52.5,0.73020711
CFIS_LSB.367.249.r,222.66007625218427,34.5,0.80661904
CFIS_LSB.085.338.r,222.73583022713345,79.0,0.36673454
CFIS_LSB.287.280.r,223.2463691544692,50.0,0.6549517
CFIS_LSB.290.279.r,223.26651126724315,49.5,0.74613671
CFIS_LSB.278.283.r,223.28792259532872,51.5,0.67074239
CFIS_LSB.293.278.r,223.3030772024018,49.0,0.69954772
CFIS_LSB.275.284.r,223.3370212538773,52.0,0.77047018
CFIS_LSB.272.285.r,223.4044299118231,52.5,0.73882396
CFIS_LSB.288.280.r,224.02423106789936,50.0,0.75698341
CFIS_LSB.291.279.r,224.03639578885432,49.5,0.50892423
CFIS_LSB.294.278.r,224.0652037457547,49.0,0.68557105
CFIS_LSB.279.283.r,224.09111656149895,51.5,0.70837905
CFIS_LSB.297.277.r,224.11033351597445,48.5,0.72962467
CFIS_LSB.276.284.r,224.14915587661864,52.0,0.76961105
CFIS_LSB.273.285.r,224.22576972767536,52.5,0.71001226
CFIS_LSB.354.256.r,224.61622406784645,38.0,0.76045639
CFIS_LSB.289.280.r,224.8020929813296,50.0,0.62387141
CFIS_LSB.292.279.r,224.80628031046552,49.5,0.67739851
CFIS_LSB.295.278.r,224.8273302891076,49.0,0.73353824
CFIS_LSB.298.277.r,224.86491376350295,48.5,0.78459026
CFIS_LSB.352.257.r,224.8890437174302,38.5,0.70567934
CFIS_LSB.301.276.r,224.9187207546236,48.0,0.78845864
CFIS_LSB.277.284.r,224.96129049936005,52.0,0.68217991
CFIS_LSB.357.255.r,224.9943259008322,37.5,0.76407025
CFIS_LSB.310.273.r,225.17464904447564,46.5,0.71831308
CFIS_LSB.355.256.r,225.25073317538272,38.0,0.74996362
CFIS_LSB.353.257.r,225.52793304617293,38.5,0.7843216
CFIS_LSB.293.279.r,225.5761648320767,49.5,0.78782758
CFIS_LSB.296.278.r,225.5894568324605,49.0,0.72741939
CFIS_LSB.299.277.r,225.61949401103152,48.5,0.79147711
CFIS_LSB.358.255.r,225.6245621078373,37.5,0.7641487
CFIS_LSB.302.276.r,225.6659590295559,48.0,0.79199809
CFIS_LSB.308.274.r,225.80699458850225,47.0,0.706822
CFIS_LSB.356.256.r,225.88524228291905,38.0,0.78061778
CFIS_LSB.311.273.r,225.90101888010295,46.5,0.79587911
CFIS_LSB.226.300.r,225.99999999999997,60.0,0.64600345
CFIS_LSB.314.272.r,226.010376721239,46.0,0.7044049
CFIS_LSB.354.257.r,226.16682237491565,38.5,0.66722419
CFIS_LSB.359.255.r,226.25479831484247,37.5,0.74588175
CFIS_LSB.297.278.r,226.35158337581345,49.0,0.7612549
CFIS_LSB.300.277.r,226.37407425856009,48.5,0.76342921
CFIS_LSB.303.276.r,226.4131973044882,48.0,0.62517698
CFIS_LSB.223.301.r,226.43108298183748,60.5,0.73805305
CFIS_LSB.357.256.r,226.5197513904553,38.0,0.76813507
CFIS_LSB.309.274.r,226.5401341813221,47.0,0.75761312
CFIS_LSB.230.299.r,226.58385728549112,59.5,0.84488295
CFIS_LSB.312.273.r,226.62738871573032,46.5,0.78389718
CFIS_LSB.315.272.r,226.73015499105188,46.0,0.6999333
CFIS_LSB.237.297.r,226.7948813685667,58.5,0.77086631
CFIS_LSB.355.257.r,226.80571170365832,38.5,0.75846215
CFIS_LSB.360.255.r,226.8850345218476,37.5,0.74948658
CFIS_LSB.220.302.r,226.8931873590045,61.0,0.72045285
CFIS_LSB.227.300.r,226.99999999999997,60.0,0.64108856
CFIS_LSB.301.277.r,227.1286545060886,48.5,0.78483182
CFIS_LSB.358.256.r,227.1542604979916,38.0,0.75957006
CFIS_LSB.234.298.r,227.1676710900116,59.0,0.81914158
CFIS_LSB.310.274.r,227.27327377414187,47.0,0.77998633
CFIS_LSB.313.273.r,227.35375855135769,46.5,0.78721123
CFIS_LSB.217.303.r,227.3876307771616,61.5,0.72677362
CFIS_LSB.241.296.r,227.39312973338292,58.0,0.54060345
CFIS_LSB.224.301.r,227.4464690041776,60.5,0.76550918
CFIS_LSB.316.272.r,227.44993326086475,46.0,0.78497366
CFIS_LSB.231.299.r,227.56900449108025,59.5,0.8272868
CFIS_LSB.238.297.r,227.75182179628217,58.5,0.81794899
CFIS_LSB.221.302.r,227.9245200288182,61.0,0.7364216
CFIS_LSB.228.300.r,228.0,60.0,0.80675125
CFIS_LSB.314.273.r,228.080128386985,46.5,0.80503035
CFIS_LSB.235.298.r,228.1384731032168,59.0,0.72397315
CFIS_LSB.242.296.r,228.33666969078288,58.0,0.69033701
CFIS_LSB.218.303.r,228.4355000434158,61.5,0.75632824
CFIS_LSB.225.301.r,228.46185502651764,60.5,0.81161469
CFIS_LSB.232.299.r,228.5541516966693,59.5,0.78579573
CFIS_LSB.239.297.r,228.70876222399764,58.5,0.79142502
CFIS_LSB.222.302.r,228.95585269863184,61.0,0.78660723
CFIS_LSB.229.300.r,228.99999999999997,60.0,0.66876057
CFIS_LSB.236.298.r,229.109275116422,59.0,0.76976527
CFIS_LSB.243.296.r,229.2802096481828,58.0,0.65260949
CFIS_LSB.226.301.r,229.4772410488577,60.5,0.84296875
CFIS_LSB.219.303.r,229.48336930967,61.5,0.80656623
CFIS_LSB.233.299.r,229.5392989022584,59.5,0.72951446
CFIS_LSB.240.297.r,229.6657026517131,58.5,0.66516728
CFIS_LSB.223.302.r,229.9871853684455,61.0,0.82370266
CFIS_LSB.230.300.r,229.99999999999997,60.0,0.78521024
CFIS_LSB.237.298.r,230.08007712962717,59.0,0.82625774
CFIS_LSB.244.296.r,230.22374960558275,58.0,0.79348635
CFIS_LSB.345.263.r,230.3206921475631,41.5,0.80333229
CFIS_LSB.227.301.r,230.4926270711978,60.5,0.71230188
CFIS_LSB.220.303.r,230.5312385759242,61.5,0.75036212
CFIS_LSB.348.262.r,230.55226084269316,41.0,0.82081101
CFIS_LSB.241.297.r,230.62264307942857,58.5,0.7334397
CFIS_LSB.343.264.r,230.7760131274935,42.0,0.80657094
CFIS_LSB.346.263.r,230.98828835668647,41.5,0.82441632
CFIS_LSB.224.302.r,231.01851803825917,61.0,0.75088058
CFIS_LSB.349.262.r,231.21476733936757,41.0,0.79241534
CFIS_LSB.344.264.r,231.44882949229668,42.0,0.75794398
CFIS_LSB.352.261.r,231.4553119807781,40.5,0.79432734
CFIS_LSB.347.263.r,231.65588456580983,41.5,0.71780884
CFIS_LSB.355.260.r,231.70979385647945,40.0,0.80462478
CFIS_LSB.350.262.r,231.87727383604195,41.0,0.75431228
CFIS_LSB.256.293.r,231.9105321916965,56.5,0.6766865
CFIS_LSB.353.261.r,232.1128554807235,40.5,0.74902702
CFIS_LSB.345.264.r,232.12164585709988,42.0,0.79156483
CFIS_LSB.253.294.r,232.26392503524784,57.0,0.7149162
CFIS_LSB.348.263.r,232.3234807749332,41.5,0.76447063
CFIS_LSB.356.260.r,232.3624975011456,40.0,0.75850547
CFIS_LSB.260.292.r,232.4779144962821,56.0,0.81090883
CFIS_LSB.229.301.r,232.523399115878,60.5,0.82583454
CFIS_LSB.351.262.r,232.5397803327164,41.0,0.63573507
CFIS_LSB.399.242.r,232.7433627444584,31.0,0.73612776
CFIS_LSB.354.261.r,232.7703989806689,40.5,0.7444448
CFIS_LSB.346.264.r,232.79446222190307,42.0,0.80695322
CFIS_LSB.257.293.r,232.8164327080703,56.5,0.7477657
CFIS_LSB.349.263.r,232.99107698405655,41.5,0.86900591
CFIS_LSB.233.300.r,232.99999999999997,60.0,0.79218034
CFIS_LSB.357.260.r,233.01520114581172,40.0,0.79083502
CFIS_LSB.226.302.r,233.08118337788648,61.0,0.81363937
CFIS_LSB.254.294.r,233.18196426463615,57.0,0.67818386
CFIS_LSB.352.262.r,233.2022868293908,41.0,0.6696483
CFIS_LSB.402.241.r,233.2790128609404,30.5,0.72751581
CFIS_LSB.400.242.r,233.3266794430661,31.0,0.79948515
CFIS_LSB.261.292.r,233.37206032126775,56.0,0.79473528
CFIS_LSB.398.243.r,233.3927116261878,31.5,0.59635173
CFIS_LSB.355.261.r,233.4279424806143,40.5,0.766128
CFIS_LSB.396.244.r,233.4773238656951,32.0,0.71210464
CFIS_LSB.230.301.r,233.53878513821803,60.5,0.79235131
CFIS_LSB.358.260.r,233.66790479047788,40.0,0.69371983
CFIS_LSB.258.293.r,233.72233322444413,56.5,0.70687268
CFIS_LSB.403.241.r,233.8593089128333,30.5,0.74464903
CFIS_LSB.353.262.r,233.86479332606515,41.0,0.83409633
CFIS_LSB.401.242.r,233.90999614167376,31.0,0.75695219
CFIS_LSB.399.243.r,233.9791254744948,31.5,0.77729107
CFIS_LSB.234.300.r,233.99999999999997,60.0,0.76457206
CFIS_LSB.397.244.r,234.0669130673761,32.0,0.75092932
CFIS_LSB.356.261.r,234.0854859805597,40.5,0.73501094
CFIS_LSB.255.294.r,234.1000034940245,57.0,0.75510587
CFIS_LSB.227.302.r,234.11251604770013,61.0,0.82414048
CFIS_LSB.395.245.r,234.17358686824676,32.5,0.66616278
CFIS_LSB.262.292.r,234.2662061462535,56.0,0.74905761
CFIS_LSB.404.241.r,234.4396049647262,30.5,0.72946156
CFIS_LSB.402.242.r,234.49331284028145,31.0,0.68060786
CFIS_LSB.231.301.r,234.55417116055813,60.5,0.84360936
CFIS_LSB.400.243.r,234.5655393228018,31.5,0.7251844
CFIS_LSB.259.293.r,234.62823374081796,56.5,0.82204581
CFIS_LSB.398.244.r,234.6565022690572,32.0,0.73547057
CFIS_LSB.396.245.r,234.7664313919638,32.5,0.74287395
CFIS_LSB.235.300.r,234.99999999999997,60.0,0.75686731
CFIS_LSB.256.294.r,235.01804272341283,57.0,0.72377563
CFIS_LSB.403.242.r,235.07662953888908,31.0,0.75452459
CFIS_LSB.228.302.r,235.14384871751375,61.0,0.74328387
CFIS_LSB.401.243.r,235.1519531711088,31.5,0.73534822
CFIS_LSB.263.292.r,235.1603519712392,56.0,0.80086845
CFIS_LSB.399.244.r,235.24609147073824,32.0,0.72693454
CFIS_LSB.397.245.r,235.35927591568088,32.5,0.77148169
CFIS_LSB.260.293.r,235.5341342571917,56.5,0.81481103
CFIS_LSB.232.301.r,235.5695571828982,60.5,0.79503107
CFIS_LSB.400.244.r,235.8356806724193,32.0,0.6982105
CFIS_LSB.236.300.r,235.99999999999997,60.0,0.77026106
CFIS_LSB.229.302.r,236.17518138732743,61.0,0.82914444
CFIS_LSB.233.301.r,236.58494320523823,60.5,0.78327435
CFIS_LSB.101.336.r,242.89158440957848,78.0,0.61130787
CFIS_LSB.106.335.r,244.8719947133008,77.5,0.71987445
CFIS_LSB.325.277.r,245.2385804467734,48.5,0.74267363
CFIS_LSB.102.336.r,245.2964515819505,78.0,0.48242552
CFIS_LSB.098.337.r,245.7767350764772,78.5,0.01892231
CFIS_LSB.329.276.r,245.8413924527281,48.0,0.71884051
CFIS_LSB.326.277.r,245.9931606943019,48.5,0.7213646
CFIS_LSB.323.278.r,246.166873502989,49.0,0.65060739
CFIS_LSB.330.276.r,246.5886307276604,48.0,0.5945409
CFIS_LSB.327.277.r,246.74774094183044,48.5,0.70757416
CFIS_LSB.324.278.r,246.9290000463419,49.0,0.64322738
CFIS_LSB.107.335.r,247.18210787097345,77.5,0.21158097
CFIS_LSB.331.276.r,247.33586900259272,48.0,0.63471897
CFIS_LSB.328.277.r,247.50232118935895,48.5,0.70308395
CFIS_LSB.433.238.r,247.5361556945738,29.0,5.869e-05
CFIS_LSB.325.278.r,247.6911265896948,49.0,0.49566574
CFIS_LSB.103.336.r,247.70131875432256,78.0,0.56641316
CFIS_LSB.434.238.r,248.1078327285105,29.0,0.02812501
CFIS_LSB.432.239.r,248.17439698230612,29.5,0.31248529
CFIS_LSB.329.277.r,248.25690143688752,48.5,0.688413
CFIS_LSB.099.337.r,248.28466094460447,78.5,0.33660097
CFIS_LSB.166.321.r,248.6467779317667,70.5,0.71606962
CFIS_LSB.435.238.r,248.6795097624471,29.0,0.0
CFIS_LSB.433.239.r,248.7488747530985,29.5,0.30681042
CFIS_LSB.436.238.r,249.25118679638376,29.0,0.0
CFIS_LSB.434.239.r,249.3233525238909,29.5,0.25983982
CFIS_LSB.108.335.r,249.4922210286461,77.5,0.6572382
CFIS_LSB.437.238.r,249.82286383032044,29.0,0.0
CFIS_LSB.171.320.r,249.9852762139439,70.0,0.68072935
CFIS_LSB.104.336.r,250.10618592669465,78.0,0.56983598
CFIS_LSB.167.321.r,250.14465008798217,70.5,0.6745064
CFIS_LSB.163.322.r,250.3316091707152,71.0,0.59296458
CFIS_LSB.100.337.r,250.7925868127318,78.5,0.39518368
CFIS_LSB.370.265.r,250.9232154082125,42.5,0.63207245
CFIS_LSB.172.320.r,251.44717841402544,70.0,0.77013964
CFIS_LSB.368.266.r,251.58825284214151,43.0,0.5970816
CFIS_LSB.371.265.r,251.6013862606672,42.5,0.68887715
CFIS_LSB.374.264.r,251.63332043639232,42.0,0.57899226
CFIS_LSB.168.321.r,251.64252224419764,70.5,0.67381419
CFIS_LSB.164.322.r,251.8673859140938,71.0,0.50202907
CFIS_LSB.369.266.r,252.2719165726908,43.0,0.68948556
CFIS_LSB.372.265.r,252.2795571131218,42.5,0.71603533
CFIS_LSB.375.264.r,252.30613680119552,42.0,0.63993391
CFIS_LSB.105.336.r,252.51105309906671,78.0,0.41596325
CFIS_LSB.173.320.r,252.90908061410695,70.0,0.72615132
CFIS_LSB.370.266.r,252.9555803032401,43.0,0.67803236
CFIS_LSB.373.265.r,252.9577279655764,42.5,0.67323443
CFIS_LSB.376.264.r,252.97895316599872,42.0,0.60295511
CFIS_LSB.169.321.r,253.1403944004131,70.5,0.66943013
CFIS_LSB.165.322.r,253.4031626574724,71.0,0.65366211
CFIS_LSB.374.265.r,253.63589881803105,42.5,0.6427543
CFIS_LSB.170.321.r,254.63826655662857,70.5,0.75359151
CFIS_LSB.373.266.r,255.006571494888,43.0,0.69500898
CFIS_LSB.145.327.r,255.26789785100897,73.5,0.66845426
CFIS_LSB.377.265.r,255.6704113753949,42.5,0.6210543
CFIS_LSB.374.266.r,255.69023522543728,43.0,0.66339999
CFIS_LSB.371.267.r,255.73001668245828,43.5,0.67323654
CFIS_LSB.141.328.r,255.77084713730267,74.0,0.73382886
CFIS_LSB.378.265.r,256.34858222784953,42.5,0.69577707
CFIS_LSB.375.266.r,256.3738989559866,43.0,0.73900326
CFIS_LSB.372.267.r,256.4193159187992,43.5,0.70978727
CFIS_LSB.150.326.r,256.5227714874951,73.0,0.76930898
CFIS_LSB.379.265.r,257.02675308030416,42.5,0.64796526
CFIS_LSB.146.327.r,257.02836611205043,73.5,0.72239253
CFIS_LSB.376.266.r,257.0575626865359,43.0,0.71686783
CFIS_LSB.373.267.r,257.10861515514,43.5,0.65300127
CFIS_LSB.142.328.r,257.58482477657435,74.0,0.67435877
CFIS_LSB.129.331.r,257.6084310070361,75.5,0.55366826
CFIS_LSB.377.266.r,257.7412264170852,43.0,0.70661022
CFIS_LSB.151.326.r,258.23292329741173,73.0,0.63323585
CFIS_LSB.125.332.r,258.34784340242163,76.0,0.70909575
CFIS_LSB.147.327.r,258.78883437309185,73.5,0.74107412
CFIS_LSB.134.330.r,258.8681214454703,75.0,0.22369382
CFIS_LSB.143.328.r,259.398802415846,74.0,0.64768939
CFIS_LSB.130.331.r,259.6053955884859,75.5,0.31140306
CFIS_LSB.152.326.r,259.94307510732835,73.0,0.42809499
CFIS_LSB.126.332.r,260.41462614964104,76.0,0.54136028
CFIS_LSB.148.327.r,260.5493026341333,73.5,0.77205148
CFIS_LSB.135.330.r,260.79997309804844,75.0,0.30962129
CFIS_LSB.144.328.r,261.2127800551176,74.0,0.76986298
CFIS_LSB.131.331.r,261.6023601699358,75.5,0.68190993
CFIS_LSB.153.326.r,261.65322691724504,73.0,0.57885718
CFIS_LSB.149.327.r,262.3097708951747,73.5,0.7177005
CFIS_LSB.127.332.r,262.4814088968604,76.0,0.72151448
CFIS_LSB.136.330.r,262.7318247506266,75.0,0.38313604
CFIS_LSB.132.331.r,263.5993247513857,75.5,0.74365392
CFIS_LSB.128.332.r,264.5481916440798,76.0,0.65446168
CFIS_LSB.137.330.r,264.6636764032048,75.0,0.23765915
CFIS_LSB.133.331.r,265.5962893328356,75.5,0.62533651
CFIS_LSB.441.251.r,270.8460839134777,35.5,0.4459463
CFIS_LSB.145.329.r,271.29337134861726,74.5,0.6796244
CFIS_LSB.439.252.r,271.31692106120386,36.0,0.46557954
CFIS_LSB.442.251.r,271.4602473690638,35.5,0.14135168
CFIS_LSB.159.326.r,271.91413777674484,73.0,0.4559171
CFIS_LSB.440.252.r,271.9349550499537,36.0,0.04798965
CFIS_LSB.443.251.r,272.0744108246499,35.5,0.0
CFIS_LSB.150.328.r,272.09664589074754,74.0,0.43425906
CFIS_LSB.141.330.r,272.3910830135173,75.0,0.6934368
CFIS_LSB.164.325.r,272.69178092068927,72.5,0.68553071
CFIS_LSB.155.327.r,272.8725804614234,73.5,0.24860603
CFIS_LSB.146.329.r,273.1643601165388,74.5,0.6232649
CFIS_LSB.160.326.r,273.62428958666146,73.0,0.41432051
CFIS_LSB.151.328.r,273.9106235300192,74.0,0.70516778
CFIS_LSB.142.330.r,274.3229346660954,75.0,0.70599871
CFIS_LSB.165.325.r,274.3545356824008,72.5,0.73276813
CFIS_LSB.156.327.r,274.6330487224648,73.5,0.69547462
CFIS_LSB.147.329.r,275.03534888446023,74.5,0.73006275
CFIS_LSB.161.326.r,275.3344413965781,73.0,0.67010392
CFIS_LSB.152.328.r,275.72460116929085,74.0,0.64694183
CFIS_LSB.166.325.r,276.0172904441123,72.5,0.58807444
CFIS_LSB.143.330.r,276.25478631867355,75.0,0.6537527
CFIS_LSB.157.327.r,276.3935169835063,73.5,0.71345172
CFIS_LSB.148.329.r,276.9063376523817,74.5,0.69986007
CFIS_LSB.162.326.r,277.0445932064947,73.0,0.67197404
CFIS_LSB.153.328.r,277.5385788085625,74.0,0.69201221
CFIS_LSB.167.325.r,277.68004520582383,72.5,0.7291674
CFIS_LSB.158.327.r,278.1539852445477,73.5,0.68234164
CFIS_LSB.144.330.r,278.1866379712517,75.0,0.59222449
CFIS_LSB.163.326.r,278.75474501641133,73.0,0.70340601
CFIS_LSB.149.329.r,278.77732642030327,74.5,0.47625351
CFIS_LSB.618.228.r,338.2426100583684,24.0,0.66432023
CFIS_LSB.616.229.r,338.47594382045645,24.5,0.60257811
CFIS_LSB.621.227.r,338.5819628100001,23.5,0.54346411
CFIS_LSB.619.228.r,338.78992819762146,24.0,0.67408749
CFIS_LSB.617.229.r,339.0254177552299,24.5,0.7053172
CFIS_LSB.622.227.r,339.1271833620291,23.5,0.50417902
CFIS_LSB.620.228.r,339.3372463368745,24.0,0.46880861
CFIS_LSB.618.229.r,339.57489169000337,24.5,0.59005613
CFIS_LSB.623.227.r,339.67240391405807,23.5,0.60796903
CFIS_LSB.621.228.r,339.88456447612754,24.0,0.42784755
CFIS_LSB.619.229.r,340.1243656247769,24.5,0.55628287
CFIS_LSB.624.227.r,340.21762446608705,23.5,0.63249565
CFIS_LSB.622.228.r,340.4318826153806,24.0,0.54938857
