# PGC,Common,RAdeg,DEdeg,GLON_1,GLAT_1,SGL_1,SGB_1,T,Bmag,Ksmag_1,logK_1,Vh_1,VLS_1,D_1,e_D_1,eabs_D_1,Deff,eDeff,LMS,Mhcorbest,Rvirbest,thetavbest,tile,dec,ra,Separation
1771,UGC00285,7.213,28.9396,116.9934,-33.6715,323.2315,13.1193,1.0,14.58,11.75,9.63,2169,2418,-99.9,-99.9,99.8001,34.54285714,10.36285714,9.692716513,11.40432193,158.2634581,0.262509723,CFIS_LSB.013.238.r,29.0,7.431801441176581,722.616658578607
8833,PGC008833,34.7163,-3.0409,167.6533,-58.1074,299.2534,-20.9939,-1.0,14.58,11.8,9.63,2422,2478,-99.9,-99.9,99.8001,35.4,10.62,9.694006524,11.40492897,158.3372133,0.25627293,CFIS_LSB.069.174.r,-3.0,34.547345936928274,624.981435263672
8974,NGC0895,35.4019,-5.5214,171.7744,-59.5474,296.871,-22.3044,6.0,11.88,9.68,10.44,2284,2327,29.38,14.0,4.1132,29.38,4.1132,10.38010358,11.84624796,222.1720023,0.433271913,CFIS_LSB.070.169.r,-5.5,35.16187831278948,863.5279726652886
9485,PGC009485,37.382,-3.213,171.6115,-56.5112,299.8532,-23.6028,0.3,13.55,10.43,10.17,2415,2461,-99.9,-99.9,99.8001,35.15714286,10.54714286,10.23602715,11.71626684,201.0769494,0.327696432,CFIS_LSB.075.174.r,-3.0,37.55146297492204,979.3214532634008
20250,UGC03685                     1,107.2747,61.5955,154.6915,25.7015,28.166,-12.6448,3.0,12.53,9.74,10.24,1797,1937,-99.9,-99.9,99.8001,27.67142857,8.301428571,10.30406316,11.77318424,210.0558382,0.43493682,CFIS_LSB.102.303.r,61.5,106.88266515792849,755.1885681137745
20611,PGC020611                    1,109.5178,68.3427,147.3436,27.5085,28.5856,-5.8449,-5.0,14.6,11.13,10.0,2627,2794,-99.9,-99.9,99.8001,39.91428571,11.97428571,10.06625672,11.59932732,183.8156356,0.263862144,CFIS_LSB.080.317.r,68.5,109.14015311083864,755.4373824077475
21698,UGC03975                     1,116.2489,72.8108,142.274,29.7703,30.117,-1.0941,8.0,14.96,11.95,9.63,2481,2663,-99.9,-99.9,99.8001,38.04285714,11.41285714,9.696546253,11.40612479,158.482607,0.238688491,CFIS_LSB.068.326.r,73.0,116.29032307433113,682.5339029130015
22067,UGC04050                     1,118.2488,72.0413,143.1011,30.4371,30.8785,-1.7082,4.4,14.52,11.84,9.68,2498,2676,-99.9,-99.9,99.8001,38.22857143,11.46857143,9.744776138,11.42902777,161.2931534,0.241741305,CFIS_LSB.073.324.r,72.0,118.11648117874232,209.100782098617
22270,NGC2460                      1,119.2177,60.3494,156.7004,31.3511,34.2283,-12.9261,1.9,12.14,8.59,10.49,1442,1565,35.16,25.0,8.79,35.16,8.79,10.97209773,12.87682377,490.0208955,0.798525395,CFIS_LSB.117.301.r,60.5,118.80016461378918,918.8802099097128
22947,UGC04242                     1,122.7468,72.7944,142.0099,31.6772,31.975,-0.6083,4.2,14.58,11.71,9.71,2432,2611,-99.9,-99.9,99.8001,37.3,11.19,9.775417664,11.44379581,163.1317934,0.250583677,CFIS_LSB.072.326.r,73.0,123.13093031399764,844.5151362557175
23028,NGC2543                      1,123.2413,36.2546,185.1493,31.3061,45.5904,-34.8684,3.0,12.37,9.6,10.5,2469,2463,33.42,14.0,4.6788,33.42,4.6788,10.52401289,12.01963634,253.7963979,0.435112948,CFIS_LSB.198.253.r,36.5,123.1562543659649,917.1835865547469
23239,UGC04306                     1,124.4034,35.4464,186.3149,32.052,47.0414,-35.2278,1.3,14.47,10.39,10.16,2400,2388,30.06,14.0,4.2084,30.06,4.2084,10.11597795,11.63062451,188.2846195,0.358879679,CFIS_LSB.203.251.r,35.5,124.67518148398176,819.8384750182984
23604,NGC2550                      1,126.1401,74.0123,140.3606,32.3597,32.4723,0.8661,3.1,12.31,10.52,10.11,2272,2455,29.11,14.0,4.0754,29.11,4.0754,10.03608441,11.58125382,181.2833626,0.356811417,CFIS_LSB.070.328.r,74.0,126.97843474901552,832.7345033747465
23608,NGC2551                      1,126.2095,73.412,141.0438,32.5281,32.7109,0.3149,0.5,12.84,9.45,10.59,2344,2525,-99.9,-99.9,99.8001,36.07142857,10.82142857,10.65032668,12.21884637,295.7255159,0.46973017,CFIS_LSB.072.327.r,73.5,126.75371479498376,641.544671935964
24493,UGC04543                     1,130.8409,45.736,174.5609,38.1699,46.7837,-23.8477,7.9,14.91,11.32,9.63,1961,2000,-99.9,-99.9,99.8001,28.57142857,8.571428571,9.699863911,11.40768834,158.6729112,0.318195353,CFIS_LSB.182.272.r,46.0,130.99964510594108,1030.3434556014413
24723,NGC2633                      1,132.0194,74.0988,139.68,33.8725,33.9082,1.6098,3.0,12.46,9.05,10.69,2160,2342,27.42,14.0,3.8388,27.42,3.8388,10.5721349,12.08987922,267.8549941,0.559699987,CFIS_LSB.073.328.r,74.0,132.42036766683046,532.7889797549913
24829,UGC04621                     1,132.5491,35.0764,188.2576,38.5206,54.2594,-32.3312,1.0,13.58,10.5,10.11,2296,2276,37.5,14.0,5.25,37.5,5.25,10.26406254,11.73886148,204.5944439,0.312597548,CFIS_LSB.217.250.r,35.0,132.45404288061798,392.6238767402472
24884,NGC2679                      1,132.8872,30.8653,193.6002,38.0409,57.4005,-35.6531,-1.9,13.83,9.89,10.23,2034,1990,-99.9,-99.9,99.8001,28.42857143,8.528571429,10.26751007,11.74171993,205.0438049,0.413251668,CFIS_LSB.228.242.r,31.0,132.99620728254766,590.3031565951585
24949,PGC024949                    1,133.3148,73.1888,140.5494,34.5389,34.6548,0.9743,2.7,14.72,11.83,9.63,2329,2507,-99.9,-99.9,99.8001,35.81428571,10.74428571,9.692112588,11.40403782,158.228951,0.253135266,CFIS_LSB.078.326.r,73.0,133.39184117349745,684.4375083024119
25069,NGC2655                      1,133.9109,78.2235,134.9227,32.689,32.3622,5.4612,0.1,10.7,7.13,11.1,1400,1600,-99.9,-99.9,99.8001,22.85714286,6.857142857,11.18204389,13.3145615,685.6889892,1.718811427,CFIS_LSB.056.336.r,78.0,134.67256165283558,983.0723676271514
25248,NGC2712                      1,134.8768,44.914,175.6469,41.0028,49.9009,-23.1058,3.1,12.29,9.28,10.4,1815,1847,31.19,14.0,4.3666,31.19,4.3666,10.59203075,12.12091403,274.3119232,0.503909226,CFIS_LSB.191.270.r,45.0,135.05739520663056,554.5346326360071
25448,UGC04739                     1,135.9516,69.4872,144.405,36.6802,37.2172,-1.8263,3.8,14.53,10.88,9.96,2200,2360,-99.9,-99.9,99.8001,33.71428571,10.11428571,10.01962793,11.57165312,179.9524302,0.305820611,CFIS_LSB.095.319.r,69.5,135.63392019086947,403.27511740204113
25806,NGC2770                      1,137.3903,33.1235,191.57,42.1967,59.4331,-31.5525,5.3,11.61,9.56,10.3,1934,1900,25.7,14.0,3.598,25.7,3.598,10.31186625,11.78018857,211.1881428,0.470824883,CFIS_LSB.230.246.r,33.0,137.12177867613394,924.1335018613768
25946,NGC2776                      1,138.0605,44.9549,175.4882,43.2537,51.8915,-21.8034,5.2,11.5,9.35,10.66,2619,2651,-99.9,-99.9,99.8001,37.87142857,11.36142857,10.73262338,12.37751974,334.0257296,0.505348793,CFIS_LSB.195.270.r,45.0,137.88582233137674,473.536987382366
25955,NGC2778                      1,138.1017,35.0274,189.104,43.0203,58.5834,-29.6985,-4.8,13.23,9.6,10.33,2049,2026,23.23,13.0,3.0199,23.23,3.0199,10.20809842,11.694838,197.7968364,0.487857662,CFIS_LSB.226.250.r,35.0,137.94752853004454,465.14731213602334
25999,NGC2732                      1,138.3531,79.1874,133.4267,33.013,32.6081,6.7358,-2.0,12.73,8.99,10.65,1960,2164,-99.9,-99.9,99.8001,30.91428571,9.274285714,10.70031843,12.31016393,317.1962075,0.587884174,CFIS_LSB.053.338.r,79.0,138.8823412004479,764.9058200980319
26034,NGC2782                      1,138.5211,40.1138,182.1509,43.6777,55.3399,-25.4883,1.1,12.1,8.99,10.79,2543,2548,-99.9,-99.9,99.8001,36.4,10.92,10.84220277,12.60599277,398.0499728,0.62655502,CFIS_LSB.212.260.r,40.0,138.37317266922153,577.9116383408954
26232,NGC2798                      1,139.345,41.9991,179.53,44.298,54.6174,-23.6152,1.1,12.53,9.15,10.37,1726,1741,-99.9,-99.9,99.8001,24.87142857,7.461428571,10.44740146,11.92098362,235.2887787,0.542030199,CFIS_LSB.207.264.r,42.0,139.27298751425994,192.68515774686205
26246,UGC04906                     1,139.417,52.9934,164.3928,43.0948,47.7273,-14.7468,1.1,15.29,9.46,10.52,2274,2349,36.64,18.0,6.5952,36.64,6.5952,10.65991093,12.23596736,299.6372449,0.46855797,CFIS_LSB.168.286.r,53.0,139.57777185428856,349.1534825218742
26295,IC0529                       1,139.6365,73.7599,138.9917,35.9307,35.8931,2.3968,5.2,11.94,9.93,10.37,2262,2442,29.51,14.0,4.1314,29.51,4.1314,10.28393842,11.75559417,207.2389578,0.402369626,CFIS_LSB.077.328.r,74.0,139.67627822391705,865.2633130040829
26304,UGC04922                     1,139.6525,47.8722,171.3351,44.0859,51.0003,-18.8007,8.9,13.07,11.23,9.69,1992,2039,34.83,14.0,4.8762,34.83,4.8762,9.907906949,11.51035421,171.6819928,0.282419234,CFIS_LSB.187.276.r,48.0,139.7335574123409,499.8931452587715
26571,NGC2852                      1,140.8107,40.1639,182.0971,45.4284,56.8159,-24.3594,0.9,14.03,10.22,9.95,1773,1777,-99.9,-99.9,99.8001,25.38571429,7.615714286,10.03717878,11.58189845,181.3730787,0.409360973,CFIS_LSB.216.260.r,40.0,140.9839872478861,758.9239498595163
26648,NGC2856                      1,141.0666,49.2491,169.2353,44.8102,50.9113,-17.1381,4.4,13.37,9.76,10.54,2638,2692,-99.9,-99.9,99.8001,38.45714286,11.53714286,10.58195403,12.10504682,270.9914664,0.403739833,CFIS_LSB.185.278.r,49.0,140.99341052028782,913.1854413361918
26649,NGC2859                      1,141.0772,34.5134,190.1556,45.4016,61.1007,-28.5146,-1.2,11.75,8.1,10.78,1687,1660,-99.9,-99.9,99.8001,23.71428571,7.114285714,10.8260201,12.5722519,387.873976,0.937138097,CFIS_LSB.233.249.r,34.5,141.3618467759099,845.814326813194
26857,PGC026857                    1,141.9785,44.5061,175.817,46.063,54.5485,-20.4597,4.4,14.57,11.52,9.81,2641,2669,-99.9,-99.9,99.8001,38.12857143,11.43857143,9.870501068,11.49102858,169.1542329,0.254188171,CFIS_LSB.203.269.r,44.5,142.3062545847188,841.8178381026679
26903,UGC05049                     1,142.2308,49.2385,169.0594,45.56,51.5426,-16.6768,5.9,13.97,10.94,10.08,2731,2785,-99.9,-99.9,99.8001,39.78571429,11.93571429,10.13945432,11.64615031,190.5417342,0.274401167,CFIS_LSB.185.279.r,49.5,142.4286364980689,1049.4435532886637
26979,NGC2893                      1,142.5705,29.5401,197.4543,46.0155,66.0956,-31.2698,0.3,13.69,10.37,9.85,1699,1644,-99.9,-99.9,99.8001,23.48571429,7.045714286,9.909607546,11.51124491,171.7994009,0.419122399,CFIS_LSB.248.239.r,29.5,142.47048715650908,344.9647686215846
27026,UGC05050                     1,142.7956,76.4651,135.6245,35.2419,34.9611,5.0627,3.1,14.27,11.66,9.68,2288,2480,-99.9,-99.9,99.8001,35.42857143,10.62857143,9.750707282,11.43187207,161.6456541,0.261416738,CFIS_LSB.067.333.r,76.5,143.50252858599467,607.9758310006131
27792,UGC05187                     1,145.7762,41.0929,180.4797,49.1511,59.201,-21.1617,8.0,14.17,10.53,9.67,1466,1475,-99.9,-99.9,99.8001,21.07142857,6.321428571,9.751387961,11.43219892,161.6862101,0.43964486,CFIS_LSB.220.262.r,41.0,145.75142926836924,341.1326899207819
28316,NGC2985                      1,147.5925,72.2789,139.0132,38.6827,38.6345,2.6683,2.4,10.96,7.55,10.83,1322,1495,-99.9,-99.9,99.8001,21.35714286,6.407142857,10.95508631,12.84135495,476.8608379,1.279297361,CFIS_LSB.089.325.r,72.5,147.98517379232527,903.58126651419
28357,NGC3021                      1,147.7381,33.5534,192.1782,50.8387,66.2587,-25.3149,4.0,12.1,9.23,10.22,1541,1509,28.44,6.0,1.7064,28.44,1.7064,10.53185918,12.03063526,255.9480127,0.515638301,CFIS_LSB.246.247.r,33.5,147.50220803021705,733.5621323923385
28424,NGC3032                      1,148.0342,29.2365,199.011,50.672,70.0697,-27.9797,-1.9,12.97,9.78,9.99,1533,1477,21.98,13.0,2.8574,21.98,2.8574,10.08805538,11.61280058,185.7263552,0.484137638,CFIS_LSB.259.238.r,29.0,148.06435178959495,856.6638688836211
28670,NGC3061                      1,149.0502,75.8665,135.1188,36.799,36.4929,5.5781,5.3,13.11,11.12,9.96,2457,2646,-99.9,-99.9,99.8001,37.8,11.34,10.0229836,11.57359695,180.2211088,0.273172424,CFIS_LSB.072.332.r,76.0,148.80835779979486,525.119696252974
28672,NGC3043                      1,149.0619,59.3072,153.5338,46.0549,47.87,-6.4742,3.0,12.72,10.59,10.31,2995,3103,33.42,25.0,8.355,33.42,8.355,10.12801289,11.63851888,189.4289287,0.324760242,CFIS_LSB.151.299.r,59.5,148.75722804395286,890.7293585040946
28805,NGC3067                      1,149.588,32.3699,194.2226,52.3206,68.3725,-24.9318,2.1,12.08,8.98,10.27,1451,1412,-99.9,-99.9,99.8001,20.17142857,6.051428571,10.33347331,11.80014704,214.448175,0.609128188,CFIS_LSB.252.245.r,32.5,149.39681997670425,746.1805670671583
29046,NGC3065                      1,150.4804,72.1703,138.4335,39.4485,39.3521,3.1929,-2.0,11.52,9.09,10.61,2000,2172,-99.9,-99.9,99.8001,31.02857143,9.308571429,10.66352356,12.2424966,301.142609,0.556075072,CFIS_LSB.093.324.r,72.0,150.4771609537402,613.1025328676164
29264,UGC05415                     1,151.3155,72.2005,138.1926,39.6264,39.5118,3.3949,1.0,13.71,10.81,9.81,1751,1924,-99.9,-99.9,99.8001,27.48571429,8.245714286,9.870214055,11.49088216,169.1352232,0.352573797,CFIS_LSB.091.325.r,72.5,151.31068331574832,1078.2110593206414
29745,IC0598                       1,153.2023,43.1455,175.8062,54.2672,61.6209,-15.7523,0.0,13.46,10.23,10.18,2245,2267,-99.9,-99.9,99.8001,32.38571429,9.715714286,10.24470696,11.72314141,202.1407225,0.357621263,CFIS_LSB.224.266.r,43.0,153.14067564304264,548.2969198560743
30019,NGC3147                      1,154.2237,73.4007,136.29,39.4633,39.2257,4.8432,3.9,11.03,7.49,11.53,2802,2981,39.26,8.0,3.1408,39.26,3.1408,11.50790059,13.99397273,1155.041493,1.685661197,CFIS_LSB.088.327.r,73.5,154.92120697164682,799.6020836401385
30206,UGC05577                     1,155.0151,38.6155,183.1731,56.4822,66.1862,-17.5605,6.0,14.21,11.24,9.68,2034,2032,-99.9,-99.9,99.8001,29.02857143,8.708571429,9.745651327,11.42944706,161.3450684,0.318458636,CFIS_LSB.243.257.r,38.5,155.25010688447597,781.3925253981927
30858,UGC05673                     1,157.2337,58.973,150.6427,49.7848,50.9738,-3.6277,5.5,14.87,11.29,9.89,2540,2649,-99.9,-99.9,99.8001,37.84285714,11.35285714,9.955967837,11.53598502,175.0928246,0.265098597,CFIS_LSB.162.298.r,59.0,157.2699261392388,118.16618690724394
30983,UGC05688                     1,157.6035,70.0504,138.445,42.5773,42.4728,3.4827,8.8,13.25,11.27,9.69,1919,2083,-99.9,-99.9,99.8001,29.75714286,8.927142857,9.75518246,11.43402256,161.9126801,0.311754428,CFIS_LSB.108.320.r,70.0,157.88543760880668,391.326317937254
31198,NGC3266                      1,158.3234,64.7494,143.4934,46.4821,46.7905,0.3909,-1.9,13.39,9.89,10.17,1765,1903,-99.9,-99.9,99.8001,27.18571429,8.155714286,10.2286815,11.71053035,200.1935706,0.4219222,CFIS_LSB.134.310.r,65.0,158.5355060712174,958.6573975924556
31708,NGC3320                      1,159.9021,47.3979,165.8441,57.2593,61.1895,-9.4212,5.8,12.08,10.25,10.21,2331,2380,35.16,14.0,4.9224,35.16,4.9224,10.30809773,11.77679267,210.6384087,0.343250911,CFIS_LSB.216.275.r,47.5,159.8602211556042,381.4391915850009
32134,UGC05870                     1,161.4976,34.965,188.8139,62.1412,72.4144,-15.4192,-1.7,14.15,10.9,9.81,2032,2014,-99.9,-99.9,99.8001,28.77142857,8.631428571,9.873922852,11.49277637,169.3813019,0.337308309,CFIS_LSB.265.250.r,35.0,161.75263301089294,762.7189038132169
32302,NGC3381                      1,162.1034,34.7114,189.2145,62.6675,72.9112,-15.1332,3.2,12.75,10.84,9.64,1627,1608,-99.9,-99.9,99.8001,22.97142857,6.891428571,9.702376009,11.40887334,158.8172931,0.396125485,CFIS_LSB.267.249.r,34.5,161.9897557475019,832.2072463342706
32356,PGC032356                    1,162.2712,52.3355,156.7209,56.0064,58.0077,-5.3285,6.7,14.41,11.61,9.71,2400,2477,-99.9,-99.9,99.8001,35.38571429,10.61571429,9.769655933,11.4410045,162.7826724,0.263574388,CFIS_LSB.198.285.r,52.5,162.62528353875356,977.2995997471256
32774,NGC3448                      1,163.6643,54.3051,153.0541,55.4502,56.8352,-3.5382,1.8,11.8,9.66,10.0,1350,1438,-99.9,-99.9,99.8001,20.54285714,6.162857143,10.07732169,11.60612035,184.7765236,0.515357909,CFIS_LSB.190.289.r,54.5,163.59482772684342,716.5854294354638
34232,NGC3583                      1,168.5454,48.3184,158.1165,61.6294,63.5467,-4.0393,3.1,12.01,8.53,10.83,2105,2166,-99.9,-99.9,99.8001,30.94285714,9.282857143,10.88512082,12.69547692,426.3493924,0.789456555,CFIS_LSB.223.277.r,48.5,168.27139519886296,925.2801662424808
34260,UGC06271                     1,168.655,30.3142,198.6375,68.5774,79.6408,-12.4654,1.0,14.34,11.23,9.66,2003,1968,33.88,25.0,8.47,33.88,8.47,9.883886803,11.49788799,170.0471432,0.287573549,CFIS_LSB.291.241.r,30.5,168.86615110083,936.5876325582057
34325,NGC3595                      1,168.8565,47.4471,159.2749,62.3412,64.412,-4.2797,-1.9,12.74,9.52,10.46,2199,2255,-99.9,-99.9,99.8001,32.21428571,9.664285714,10.52409701,12.01975334,253.8191906,0.451438868,CFIS_LSB.228.275.r,47.5,168.74134455313776,338.79899891673927
34508,UGC06309                     1,169.4436,51.4766,152.5338,59.929,61.0581,-2.0063,4.5,13.5,10.86,10.14,2850,2928,39.99,18.0,7.1982,39.99,7.1982,10.17590281,11.6713465,194.2624411,0.278330267,CFIS_LSB.211.283.r,51.5,169.47392686192217,108.24728506755012
34908,NGC3648                      1,170.6311,39.8769,172.5774,67.6066,71.7352,-6.6916,-2.1,13.56,9.54,10.33,1948,1966,-99.9,-99.9,99.8001,28.08571429,8.425714286,10.39697095,11.86402258,225.2237588,0.459464253,CFIS_LSB.261.260.r,40.0,170.35565125786238,880.0315092500747
35064,NGC3665                      1,171.1818,38.7628,174.7123,68.4934,72.9302,-6.8118,-2.2,11.67,7.75,11.09,2049,2062,-99.9,-99.9,99.8001,29.45714286,8.837142857,11.15438124,13.25688489,655.9966755,1.275951059,CFIS_LSB.266.258.r,39.0,171.13902226379125,862.2998820880657
35285,NGC3687                      1,172.0025,29.511,200.6285,71.5106,81.6633,-10.2004,3.8,12.81,9.91,10.39,2507,2472,-99.9,-99.9,99.8001,35.31428571,10.59428571,10.44790085,11.92157777,235.3961011,0.381919504,CFIS_LSB.299.239.r,29.5,171.7688534669202,733.1104842241307
35352,NGC3694                      1,172.2255,35.4139,182.6138,70.5673,76.3325,-7.5278,-4.8,13.44,10.51,10.08,2257,2253,-99.9,-99.9,99.8001,32.18571429,9.655714286,10.1273263,11.6380649,189.3629351,0.337096951,CFIS_LSB.280.251.r,35.5,171.9657675641128,822.2937233328032
35608,NGC3752                      1,173.1342,74.6276,129.7859,41.4339,41.0361,9.8573,2.0,13.06,10.65,9.95,1913,2103,28.97,14.0,4.0558,28.97,4.0558,9.97989699,11.54913885,176.8695045,0.349806168,CFIS_LSB.093.329.r,74.5,174.00195541669936,949.920945094608
35707,UGC06545                     1,173.4309,32.6361,190.1149,72.3084,79.2993,-7.7897,3.5,13.58,10.65,10.13,2619,2602,-99.9,-99.9,99.8001,37.17142857,11.15142857,10.1964185,11.6861726,196.4856674,0.302861887,CFIS_LSB.293.245.r,32.5,173.70344544910455,961.1400134881231
35754,PGC035754                    1,173.6147,33.1789,188.2578,72.3269,78.8643,-7.4256,-3.5,14.66,11.16,9.89,2524,2510,-99.9,-99.9,99.8001,35.85714286,10.75714286,9.961151363,11.53881057,175.472958,0.280386768,CFIS_LSB.291.246.r,33.0,173.48885910763036,747.5673413110964
35913,NGC3755                      1,174.139,36.4103,177.9547,71.6251,76.0784,-5.7027,5.2,13.0,11.04,9.55,1578,1582,32.06,14.0,4.4884,32.06,4.4884,9.911927036,11.51246156,171.9599039,0.307317064,CFIS_LSB.280.253.r,36.5,174.16035970944532,328.7852327801241
36266,NGC3813                      1,175.3277,36.5467,176.1901,72.4223,76.3429,-4.7739,3.3,11.82,8.95,10.3,1465,1472,21.48,14.0,3.0072,21.48,3.0072,10.40006855,11.86735384,225.8003559,0.602300667,CFIS_LSB.282.253.r,36.5,175.4043622787985,278.3024967057857
36386,NGC3901                      1,175.705,77.3729,127.6987,39.1133,38.6952,11.4786,6.0,13.76,11.58,9.48,1686,1888,31.77,25.0,7.9425,31.77,7.9425,9.68803443,11.4021207,157.9962968,0.284939523,CFIS_LSB.076.335.r,77.5,175.56859998312132,469.854646467705
37308,IC2973                       1,178.4623,33.3653,182.7857,76.1052,80.2758,-3.6197,6.7,13.95,11.73,9.88,3203,3198,34.51,18.0,6.2118,34.51,6.2118,9.699889919,11.40770061,158.6744047,0.263441941,CFIS_LSB.298.247.r,33.5,178.6815365569296,817.9113460325304
37691,NGC4013                      1,179.6307,43.9468,151.8655,70.089,70.7447,1.0758,3.1,11.5,7.7,10.42,835,886,20.61,14.0,2.8854,20.61,2.8854,10.86415598,12.65176523,412.2826738,1.146146391,CFIS_LSB.258.268.r,44.0,179.33110324115154,799.4688484304428
38347,UGC07086                     1,181.4837,77.5051,126.0951,39.3424,38.9671,12.7134,3.1,14.01,10.36,10.11,2008,2213,29.92,14.0,4.1888,29.92,4.1888,10.12392318,11.63582123,189.0371166,0.361999936,CFIS_LSB.079.335.r,77.5,182.49893945613928,791.1011359169921
38423,NGC4108                      1,181.6847,67.1628,129.5672,49.3857,49.1088,9.8695,5.2,12.82,9.94,10.46,2513,2677,-99.9,-99.9,99.8001,38.24285714,11.47285714,10.50510066,11.99383025,248.8189346,0.372782996,CFIS_LSB.142.314.r,67.0,181.71063123256903,587.2194950542624
38504,PGC038504                    1,181.9485,67.3838,129.3278,49.199,48.9246,10.0316,-2.0,14.61,10.83,10.01,2325,2490,-99.9,-99.9,99.8001,35.57142857,10.67142857,10.08620261,11.61164096,185.5611238,0.298888143,CFIS_LSB.139.315.r,67.5,181.6122521178163,625.0107757970889
38524,NGC4125                      1,182.025,65.1741,130.1897,51.3392,51.0773,9.414,-4.8,10.53,6.98,11.12,1356,1512,23.99,13.0,3.1187,23.99,3.1187,11.2840605,13.52726613,807.2884147,1.928064113,CFIS_LSB.154.310.r,65.0,182.1975219027424,679.180987771818
38550,NGC4127                      1,182.1099,76.804,126.1209,40.0569,39.6981,12.6648,5.1,12.71,10.17,10.11,1817,2020,31.62,14.0,4.4268,31.62,4.4268,10.24792373,11.72571619,202.5405902,0.367006034,CFIS_LSB.082.334.r,77.0,182.2618707860179,716.4059542517842
38788,UGC07179                     1,182.7417,63.9145,130.2444,52.6354,52.3895,9.3413,4.0,12.98,9.8,10.53,2646,2797,-99.9,-99.9,99.8001,39.95714286,11.98714286,10.59918885,12.13237277,276.7351112,0.396819346,CFIS_LSB.160.308.r,64.0,182.49376261638872,498.3026378780888
39068,NGC4194                      1,183.54,54.5265,134.3897,61.7647,61.5771,6.9747,9.5,12.58,9.7,10.49,2451,2560,-99.9,-99.9,99.8001,36.57142857,10.97142857,10.56228385,12.07495091,264.8034536,0.414863015,CFIS_LSB.213.289.r,54.5,183.3984121358824,310.8972599895091
39366,NGC4238                      1,184.2326,63.4099,129.3801,53.2843,53.0674,9.8365,6.5,13.21,11.44,9.92,2758,2908,36.31,14.0,5.0834,36.31,5.0834,9.860052498,11.48571493,168.465762,0.265832699,CFIS_LSB.164.307.r,63.5,183.77499304287247,804.5010113421172
39414,NGC4250                      1,184.3597,70.8024,126.9483,46.0598,45.8034,11.7724,-0.8,13.09,9.26,10.54,2019,2200,-99.9,-99.9,99.8001,31.42857143,9.428571429,10.60664928,12.14448229,279.3191881,0.509212586,CFIS_LSB.120.322.r,71.0,184.2932092054345,715.6631372990919
39568,NGC4256                      1,184.6794,65.8983,128.2172,50.893,50.6767,10.6696,3.0,11.69,8.33,11.12,2528,2689,-99.9,-99.9,99.8001,38.41428571,11.52428571,11.15298552,13.25397482,654.5331014,0.976251809,CFIS_LSB.150.312.r,66.0,184.39450016806785,555.6648773155722
39791,NGC4291                      1,185.0737,75.3709,125.5542,41.5984,41.2983,13.0193,-4.8,12.2,8.48,10.68,1757,1956,26.3,13.0,3.419,26.3,3.419,10.7639115,12.44275547,351.1762733,0.765054575,CFIS_LSB.093.331.r,75.5,185.71770607483995,745.5790700125801
40500,NGC4391                      1,186.328,64.9335,127.418,51.9667,51.7991,11.1009,-3.1,13.63,10.1,9.86,1320,1479,23.77,13.0,3.0901,23.77,3.0901,10.02805836,11.57654993,180.6300433,0.435395367,CFIS_LSB.157.310.r,65.0,185.74682427747112,917.1074384991832
41222,NGC4481                      1,187.4521,64.0334,126.8569,52.9298,52.8043,11.3704,2.0,14.2,11.01,9.94,2300,2456,-99.9,-99.9,99.8001,35.08571429,10.52571429,10.00226064,11.56170131,178.5831357,0.29163062,CFIS_LSB.164.308.r,64.0,187.05610668179844,636.0267765043711
41436,NGC4500                      1,187.8423,57.9647,128.0939,58.9621,58.8675,10.1908,1.1,12.87,9.83,10.65,3111,3241,34.51,18.0,6.2118,34.51,6.2118,10.45988992,11.93602681,238.0211841,0.395178812,CFIS_LSB.199.296.r,58.0,187.76445152258592,195.5199936860756
41527,NGC4513                      1,188.0062,66.3326,126.0043,50.6798,50.5581,12.08,-2.0,13.85,10.39,10.2,2285,2451,-99.9,-99.9,99.8001,35.01428571,10.50428571,10.24849054,11.72617141,202.6113696,0.331544281,CFIS_LSB.150.313.r,66.5,188.08821347758507,614.0956279423431
41621,NGC4521                      1,188.1987,63.9392,126.3377,53.0657,52.9692,11.6704,-0.1,12.71,9.15,10.81,2516,2672,-99.9,-99.9,99.8001,38.17142857,11.45142857,10.81947683,12.55860919,383.8336718,0.576139506,CFIS_LSB.165.308.r,64.0,188.19669269815088,218.89809459837903
41947,UGC07767                     1,188.8854,73.6748,124.4685,43.4061,43.2053,13.7018,-4.9,13.76,10.28,9.76,1282,1477,27.93,13.0,3.6309,27.93,3.6309,10.09614187,11.61789457,186.4539262,0.382493092,CFIS_LSB.107.327.r,73.5,188.37010393143424,818.967318771853
42139,NGC4589                      1,189.3543,74.1919,124.2348,42.901,42.6999,13.9097,-4.8,11.55,7.91,11.05,1980,2177,22.39,13.0,2.9107,22.39,2.9107,10.85210819,12.62664557,404.4099808,1.034881852,CFIS_LSB.104.328.r,74.0,188.6536744842516,977.2195454297796
42595,NGC4648                      1,190.435,74.4209,123.8175,42.6908,42.5082,14.2312,-4.9,12.84,8.91,10.41,1414,1613,-99.9,-99.9,99.8001,23.04285714,6.912857143,10.47707265,11.95736681,241.9518499,0.601610793,CFIS_LSB.102.329.r,74.5,190.84085432799284,484.05082084962254
43426,NGC4750                      1,192.5301,72.8745,123.0674,44.2535,44.1649,14.6368,2.4,11.75,8.16,10.81,1623,1818,-99.9,-99.9,99.8001,25.97142857,7.791428571,10.88099168,12.68686765,423.541423,0.934378962,CFIS_LSB.113.326.r,73.0,193.24715452057964,881.941758303608
43527,NGC4749                      1,192.8001,71.6368,122.9586,45.4916,45.4459,14.5908,3.0,13.56,9.51,10.3,1689,1880,38.37,14.0,5.3718,38.37,5.3718,10.6799836,12.27277238,308.2223565,0.460251631,CFIS_LSB.122.323.r,71.5,192.24426357652743,801.7493174256774
43939,NGC4793                      1,193.669,28.9378,101.5728,88.0546,88.4087,7.4554,5.1,11.75,8.97,10.74,2491,2494,29.92,14.0,4.1888,29.92,4.1888,10.67992318,12.27265967,308.1956922,0.590184737,CFIS_LSB.339.238.r,29.0,193.79851450452776,465.3347970778058
44370,UGC08076                     1,194.458,29.6542,94.2025,87.1091,87.8696,8.293,6.2,14.61,11.56,9.75,2525,2533,-99.9,-99.9,99.8001,36.18571429,10.85571429,9.8090743,11.46024775,165.204774,0.261582353,CFIS_LSB.338.239.r,29.5,194.1734865278229,1049.593298396621
45278,NGC4964                      1,196.3536,56.3227,118.9723,60.698,61.3429,14.4492,1.5,13.71,11.14,9.96,2535,2670,-99.9,-99.9,99.8001,38.14285714,11.44285714,10.02282644,11.57350575,180.2084953,0.270697994,CFIS_LSB.217.293.r,56.5,196.58041205311773,781.9531554167194
46589,NGC5109                      2,200.2195,57.6434,115.2721,59.045,60.1674,16.662,5.3,13.16,11.53,9.65,2131,2277,-99.9,-99.9,99.8001,32.52857143,9.758571429,9.728529981,11.42126954,160.3355613,0.282415069,CFIS_LSB.215.295.r,57.5,200.0745921456346,587.1560452658548
47425,NGC5205                      2,202.5152,62.5115,115.3553,54.045,55.1013,17.9304,3.5,13.14,10.0,10.13,1759,1927,35.48,14.0,4.9672,35.48,4.9672,10.41596722,11.88478855,228.8422413,0.36955202,CFIS_LSB.187.305.r,62.5,202.49113331371865,57.56916372922522
47441,NGC5198                      2,202.5476,46.6708,104.1197,69.0166,71.7166,17.3334,-4.8,12.56,8.98,10.83,2533,2638,-99.9,-99.9,99.8001,37.68571429,11.30571429,10.8763535,12.67719705,420.4093434,0.639173274,CFIS_LSB.279.273.r,46.5,202.65718414002808,672.0014257291132
47559,PGC047559                    2,202.9071,46.1509,102.8606,69.3796,72.2809,17.538,0.0,14.6,10.96,10.04,2581,2684,-99.9,-99.9,99.8001,38.34285714,11.50285714,10.09936894,11.61994255,186.7472401,0.279056871,CFIS_LSB.282.272.r,46.0,202.9774720872274,570.9664529478608
47985,IC0902                       2,204.0051,49.9608,105.3973,65.6224,68.3313,18.5115,3.0,13.63,10.5,9.84,1616,1738,29.38,14.0,4.1132,29.38,4.1132,10.05210358,11.5907702,182.6123207,0.356124033,CFIS_LSB.262.280.r,50.0,203.799821318714,495.7262491647064
48034,UGC08603                     2,204.1404,44.5992,98.4923,70.3266,73.9775,18.2811,1.5,14.72,11.06,10.02,2564,2663,-99.9,-99.9,99.8001,38.04285714,11.41285714,10.05254625,11.59103567,182.6495334,0.275085969,CFIS_LSB.291.269.r,44.5,203.9956654391782,515.184743009059
48392,UGC08658                     2,205.1661,54.333,107.9154,61.3369,63.7292,19.3308,5.0,12.7,11.14,9.77,2009,2150,35.65,14.0,4.991,35.65,4.991,9.964119068,11.54043407,175.6917481,0.282367578,CFIS_LSB.238.289.r,54.5,204.92404736309865,786.4735530819296
48767,NGC5290                      2,206.3296,41.7124,89.2755,71.7142,77.1413,19.6709,4.0,12.4,8.5,11.03,2549,2641,34.51,14.0,4.8314,34.51,4.8314,10.99188992,12.91809048,505.7899186,0.839746512,CFIS_LSB.309.263.r,41.5,206.2872286191217,773.0943854605891
48785,NGC5323                      2,206.4023,76.8284,118.9448,39.8777,39.9827,18.1592,2.0,13.95,11.18,9.77,1979,2196,-99.9,-99.9,99.8001,31.37142857,9.411428571,9.837068592,11.47414338,166.9761601,0.304960206,CFIS_LSB.093.334.r,77.0,206.7116339402398,667.2300454824153
48815,NGC5297                      2,206.5986,43.8722,93.0112,69.9251,74.8615,19.9937,4.9,11.33,9.02,10.73,2409,2511,-99.9,-99.9,99.8001,35.87142857,10.76142857,10.81749735,12.55448197,382.6197031,0.611141333,CFIS_LSB.297.268.r,44.0,206.4392932659768,618.2497315205993
48816,NGC5301                      2,206.6027,46.1073,96.7005,68.121,72.4846,20.092,4.7,12.18,9.09,10.34,1504,1615,20.89,14.0,2.9246,20.89,2.9246,10.31987688,11.78749,212.3749754,0.582489231,CFIS_LSB.287.272.r,46.0,206.5763634362917,391.84313244037554
48953,UGC08737                     2,207.0694,68.085,115.037,48.1627,49.1138,19.5078,4.0,13.27,9.77,10.25,1781,1974,39.08,14.0,5.4712,39.08,5.4712,10.59190911,12.12072066,274.2712131,0.402113517,CFIS_LSB.155.316.r,68.0,206.8837050979361,395.1156321320757
49044,NGC5322                      2,207.3134,60.1904,110.2793,55.495,57.4683,20.3114,-4.8,10.96,7.33,11.27,1754,1921,31.92,13.0,4.1496,31.92,4.1496,11.39212577,13.75258222,959.6968786,1.722638697,CFIS_LSB.207.300.r,60.0,207.0,886.6915147159492
49342,NGC5347                      2,208.3242,33.4908,62.1918,75.2325,86.0063,20.5707,2.0,13.16,9.81,10.41,2368,2429,-99.9,-99.9,99.8001,34.7,10.41,10.47265895,11.95181309,240.9226917,0.39780591,CFIS_LSB.347.247.r,33.5,208.06205766863948,787.6867621170074
49426,NGC5452                      2,208.6026,78.2208,118.8787,38.4075,38.4519,18.3855,6.7,13.94,10.88,9.93,2066,2289,-99.9,-99.9,99.8001,32.7,9.81,9.993095505,11.55651982,177.8743315,0.311665354,CFIS_LSB.087.336.r,78.0,209.2234439963696,918.6221768050864
49451,NGC5372                      2,208.6901,58.6663,108.0029,56.5888,59.0405,21.1178,-4.0,13.69,10.71,9.83,1717,1881,-99.9,-99.9,99.8001,26.87142857,8.061428571,9.890581511,11.50134158,170.4984891,0.363540482,CFIS_LSB.218.297.r,58.5,208.6130132419728,615.9143469015726
49563,NGC5377                      2,209.0694,47.2356,94.9057,66.2096,71.3064,21.8029,1.0,11.73,8.46,10.74,1793,1914,26.06,14.0,3.6484,26.06,3.6484,10.76394882,12.4428333,351.1972505,0.772146478,CFIS_LSB.285.274.r,47.0,208.9447839536465,901.4258407519236
49604,NGC5375                      2,209.2334,29.1645,44.7884,75.4318,90.6947,20.8726,2.4,12.53,9.43,10.53,2373,2417,-99.9,-99.9,99.8001,34.52857143,10.35857143,10.62035722,12.16717991,284.2278601,0.471640438,CFIS_LSB.366.238.r,29.0,209.2337944208176,592.1987183025041
49608,UGC08876                     2,209.2419,45.9732,92.6635,67.1146,72.6666,21.921,0.0,13.92,10.35,10.1,2059,2175,-99.9,-99.9,99.8001,31.07142857,9.321428571,10.16072244,11.66068225,192.6788701,0.355300541,CFIS_LSB.291.272.r,46.0,209.45547651554315,542.8757894894483
49927,PGC049927                    2,210.3501,36.8002,70.4651,72.3333,82.5979,22.4793,-1.0,14.86,11.53,9.84,2693,2773,-99.9,-99.9,99.8001,39.61428571,11.88428571,9.899703659,11.50607309,171.1187917,0.247496393,CFIS_LSB.336.254.r,37.0,210.358790570246,719.7098936154528
49965,NGC5439                      2,210.4904,46.3119,91.58,66.2904,72.2953,22.7841,0.0,14.24,11.13,9.72,1895,2015,-99.9,-99.9,99.8001,28.78571429,8.635714286,9.782354021,11.44716552,163.5542558,0.325542608,CFIS_LSB.290.273.r,46.5,210.64725233192885,781.1171111590013
50031,NGC5448                      2,210.7084,49.1727,95.7173,64.0122,69.1884,22.855,1.4,11.74,8.92,10.65,2012,2144,32.96,14.0,4.6144,32.96,4.6144,10.78397441,12.48458664,362.6343065,0.630383277,CFIS_LSB.276.278.r,49.0,210.3469259654024,1054.922695400758
50191,NGC5473                      2,211.1799,54.8925,102.2603,59.1965,62.9749,22.786,-2.7,12.29,8.45,10.79,2026,2181,-99.9,-99.9,99.8001,31.15714286,9.347142857,10.92311525,12.7746953,453.0767482,0.833176762,CFIS_LSB.242.290.r,55.0,210.95706227015285,601.707836636854
50312,NGC5480                      2,211.59,50.7251,96.8668,62.4425,67.4718,23.3437,5.0,12.56,9.7,10.29,1911,2051,-99.9,-99.9,99.8001,29.3,8.79,10.36973524,11.83562057,220.3671548,0.430925549,CFIS_LSB.269.281.r,50.5,211.4519813950968,869.5404301498618
50588,NGC5500                      2,212.5635,48.5461,92.6885,63.6945,69.8062,24.1044,-4.9,14.27,10.81,9.89,1905,2039,-99.9,-99.9,99.8001,29.12857143,8.738571429,9.920638372,11.51704981,172.5665486,0.339437974,CFIS_LSB.282.277.r,48.5,212.79162980304645,568.6955407863932
50832,NGC5526                      2,213.4737,57.7713,103.2617,56.0957,59.704,23.7195,4.1,13.73,10.42,10.09,2004,2173,30.62,14.0,4.2868,30.62,4.2868,10.12001037,11.63325478,188.6651139,0.353028214,CFIS_LSB.226.296.r,58.0,213.240030372384,936.9261511222904
51251,NGC5582                      2,215.1797,39.6936,72.7738,67.6291,79.5037,26.3278,-4.9,12.42,9.07,10.25,1362,1467,28.05,13.0,3.6465,28.05,3.6465,10.58386573,12.10803348,271.6133848,0.554806194,CFIS_LSB.332.259.r,39.5,215.13052276172692,710.183877451271
51340,NGC5602                      2,215.5787,50.501,92.5619,60.9292,67.4702,25.8843,1.0,12.95,9.69,10.46,2230,2377,-99.9,-99.9,99.8001,33.95714286,10.18714286,10.50186228,11.98950985,247.9952101,0.418441885,CFIS_LSB.274.281.r,50.5,215.38231562177145,449.7064775491351
51431,NGC5611                      2,216.0198,33.0475,55.0411,69.1549,86.9451,26.9614,-1.9,13.37,9.84,10.27,2015,2095,25.94,13.0,3.3722,25.94,3.3722,10.20793994,11.69471929,197.7788159,0.436850463,CFIS_LSB.362.246.r,33.0,215.81775600330647,633.3706478680376
51564,NGC5631                      2,216.6387,56.5826,99.5275,56.0103,60.6888,25.6046,-1.9,12.36,8.55,10.77,1979,2150,28.44,13.0,3.6972,28.44,3.6972,10.80385918,12.5260464,374.3594567,0.754192511,CFIS_LSB.239.293.r,56.5,216.51022341334163,391.7241782788698
51568,NGC5624                      2,216.6468,51.5855,93.1592,59.6885,66.1764,26.412,4.3,13.75,10.69,9.93,1922,2075,-99.9,-99.9,99.8001,29.64285714,8.892857143,9.983840122,11.55133422,177.1677825,0.342442523,CFIS_LSB.270.283.r,51.5,216.8623708659668,572.4431040915019
51635,NGC5630                      2,216.9025,41.2577,74.7326,65.7414,77.6987,27.5829,7.9,12.88,11.2,9.97,2673,2789,30.06,14.0,4.2084,30.06,4.2084,9.791977953,11.45185838,164.144424,0.312867288,CFIS_LSB.325.263.r,41.5,216.96876796509568,890.451803638109
51713,UGC09291                     2,217.1538,38.9991,69.4888,66.5436,80.2386,27.8721,6.4,13.2,11.12,10.07,2895,3002,36.31,14.0,5.0834,36.31,5.0834,9.988052498,11.5536886,177.4882227,0.280069806,CFIS_LSB.338.258.r,39.0,217.46236663594527,863.2958964061723
51767,UGC09355                     2,217.3351,79.2414,117.3885,36.8109,36.9235,19.7477,4.0,13.82,10.79,9.96,2059,2289,-99.9,-99.9,99.8001,32.7,9.81,10.02909551,11.57715544,180.7140103,0.316640943,CFIS_LSB.083.338.r,79.0,217.4949871629656,875.8091951571145
51830,NGC5667                      2,217.5954,59.4697,102.0172,53.4553,57.4408,25.5233,6.0,12.7,10.86,9.87,1943,2124,-99.9,-99.9,99.8001,30.34285714,9.102857143,9.936112945,11.52527671,173.6596463,0.327918138,CFIS_LSB.221.299.r,59.5,217.7175324351893,248.47621458879493
51978,NGC5676                      2,218.1952,49.4579,88.6767,60.3857,68.3849,27.6876,4.7,11.15,8.0,11.11,2096,2245,34.2,14.0,4.788,34.2,4.788,11.18405221,13.31874886,687.896283,1.152444066,CFIS_LSB.283.279.r,49.5,217.8773196159649,758.816470021654
52116,NGC5687                      2,218.7182,54.4757,95.3878,56.7681,62.7514,27.1568,-3.0,12.51,9.08,10.64,2116,2284,28.84,13.0,3.7492,28.84,3.7492,10.60399051,12.14014707,278.3913246,0.553074252,CFIS_LSB.254.289.r,54.5,218.700453908517,95.02445682021823
52154,NGC5689                      2,218.8737,48.7415,86.9803,60.4854,69.1147,28.2307,0.4,12.26,8.45,10.94,2160,2308,-99.9,-99.9,99.8001,32.97142857,9.891428571,10.97227553,12.87719448,490.1603393,0.851772085,CFIS_LSB.290.277.r,48.5,218.82827178327472,876.0986629230206
52307,NGC5714                      2,219.5479,46.6382,82.9175,61.3401,71.4136,28.9764,5.8,12.76,10.05,10.29,2237,2379,38.37,14.0,5.3718,38.37,5.3718,10.4639836,11.94104271,238.9392961,0.356795017,CFIS_LSB.302.273.r,46.5,219.3636903594569,674.8118082480677
52315,NGC5708                      2,219.5677,40.4567,70.9697,64.2652,78.4622,29.6458,7.8,12.97,10.73,10.17,2710,2829,31.33,14.0,4.3862,31.33,4.3862,10.01592079,11.56951374,179.6571849,0.32855433,CFIS_LSB.334.261.r,40.5,219.61952898176108,210.81308758180847
52396,NGC5730                      2,219.9674,42.7424,75.3661,63.0367,75.8108,29.7385,9.5,13.0,11.16,9.94,2525,2654,35.97,21.0,7.5537,35.97,7.5537,9.963880876,11.5403036,175.6741564,0.279827529,CFIS_LSB.322.266.r,43.0,220.1397212368738,1032.8089363222136
52476,UGC09476                     2,220.3833,44.5127,78.4531,61.9444,73.7446,29.8345,5.2,13.37,10.54,10.41,3269,3406,37.33,18.0,6.7194,37.33,6.7194,10.24411598,11.72266998,202.0675939,0.310142783,CFIS_LSB.314.269.r,44.5,220.11903418523008,680.0200404569472
52741,UGC09519                     2,221.588,34.3706,56.4182,64.369,85.4193,31.5904,-1.8,14.22,10.29,9.93,1640,1741,-99.9,-99.9,99.8001,24.87142857,7.461428571,9.991401462,11.55556721,177.7443255,0.409466157,CFIS_LSB.365.249.r,34.5,221.4466698420906,626.9700453515457
53217,NGC5783                      2,223.3655,52.0765,88.8193,56.1987,64.7275,30.3925,5.2,13.25,10.94,9.99,2337,2506,38.55,14.0,5.397,38.55,5.397,10.11204876,11.62807565,187.916634,0.279295438,CFIS_LSB.275.284.r,52.0,223.3370212538773,282.5284624957635
53402,NGC5795                      2,224.0799,49.3989,84.2921,57.3015,67.6388,31.4591,5.0,14.2,9.93,10.39,2366,2528,-99.9,-99.9,99.8001,36.11428571,10.83428571,10.45935806,11.93537823,237.9027258,0.377436058,CFIS_LSB.291.279.r,49.5,224.03639578885432,377.9368700301847
53657,UGC09665                     2,225.3852,48.3198,81.7757,57.0928,68.6443,32.543,4.0,13.54,10.33,10.29,2557,2719,38.9,14.0,5.446,38.9,5.446,10.3638992,11.82973599,219.3740938,0.323116204,CFIS_LSB.299.277.r,48.5,225.61949401103152,856.9138454192532
53861,UGC09703                     2,226.3595,46.5653,78.3349,57.2845,70.4992,33.5898,3.0,14.09,11.16,9.95,2521,2679,30.76,25.0,7.69,30.76,7.69,9.827972662,11.46960563,166.3956184,0.309940661,CFIS_LSB.312.273.r,46.5,226.62738871573032,703.8663429653321
54234,NGC5894                      2,227.9206,59.8089,96.5168,49.5064,55.2909,30.3909,7.8,11.93,9.05,10.79,2463,2663,39.81,14.0,5.5734,39.81,5.5734,10.89598436,12.71812738,433.8262254,0.624376608,CFIS_LSB.228.300.r,60.0,228.0,702.7363176504734
54346,PGC054346                    2,228.3717,58.5093,94.6958,50.1076,56.5859,31.1006,2.5,14.65,11.65,9.78,2543,2741,-99.9,-99.9,99.8001,39.15714286,11.74714286,9.841621991,11.47642361,167.2686475,0.244752169,CFIS_LSB.239.297.r,58.5,228.70876222399764,634.8111876636586
54421,PGC054421                    2,228.7694,61.203,97.7913,48.3163,53.6166,30.2215,2.7,14.19,10.81,10.1,2499,2705,-99.9,-99.9,99.8001,38.64285714,11.59285714,10.16613846,11.6644582,193.2380931,0.286514439,CFIS_LSB.222.302.r,61.0,228.95585269863184,799.55230024165
55080,NGC5930                      2,231.5331,41.6761,67.8543,55.3029,75.2842,38.3533,2.3,12.63,9.02,10.8,2633,2788,-99.9,-99.9,99.8001,39.82857143,11.94857143,10.90838946,12.74399202,442.5245297,0.636598512,CFIS_LSB.347.263.r,41.5,231.65588456580983,714.991706464408
55305,NGC5950                      2,232.8784,40.4301,65.3923,54.5412,76.522,39.6403,3.1,13.99,11.39,9.89,2617,2771,30.48,25.0,7.62,30.48,7.62,9.728029925,11.42103148,160.3062673,0.301341217,CFIS_LSB.354.261.r,40.5,232.7703989806689,388.3590522494847
55419,NGC5963                      2,233.3659,56.5597,89.9523,48.8859,57.3924,34.3439,4.1,12.81,10.03,9.42,661,863,28.84,18.0,5.1912,28.84,5.1912,10.22399051,11.70690515,199.6373175,0.396615305,CFIS_LSB.258.293.r,56.5,233.72233322444413,739.5808825978827
55515,NGC5961                      2,233.8159,30.8642,48.8973,54.1805,88.795,42.1235,2.3,13.85,10.77,9.81,1828,1951,37.84,18.0,6.8112,37.84,6.8112,10.16390226,11.66289534,193.0064351,0.292242693,CFIS_LSB.401.242.r,31.0,233.90999614167376,568.710487488853
55694,NGC5974                      2,234.7601,31.7599,50.5094,53.4411,87.4515,42.8095,7.3,14.1,11.25,9.73,2015,2144,-99.9,-99.9,99.8001,30.62857143,9.188571429,9.788253482,11.45003978,163.9154667,0.306631094,CFIS_LSB.398.244.r,32.0,234.6565022690572,920.5534441248964
58115,NGC6155                      2,246.5346,48.3668,75.1553,43.7138,61.3403,45.3692,5.2,12.96,10.09,10.36,2412,2623,27.8,14.0,3.892,27.8,3.892,10.16808959,11.66582626,193.4411038,0.398682309,CFIS_LSB.327.277.r,48.5,246.74774094183044,699.3768472610416
58477,NGC6217                      2,248.1635,78.1982,111.3165,33.3643,34.0072,25.1592,4.0,11.46,8.8,10.46,1362,1612,-99.9,-99.9,99.8001,23.02857143,6.908571429,10.52053399,12.01481493,252.8589442,0.629121203,CFIS_LSB.103.336.r,78.0,247.70131875432256,791.7160625180436
58501,UGC10445                     2,248.4476,28.9843,48.8518,41.3707,88.0648,54.9244,6.0,13.43,10.06,9.64,961,1122,28.71,14.0,4.0194,28.71,4.0194,10.20806638,11.694814,197.7931932,0.394730922,CFIS_LSB.435.238.r,29.0,248.6795097624471,732.4374037773778
58864,NGC6237                      2,251.5917,70.3588,102.1899,35.7836,38.6217,31.9323,6.4,13.84,10.58,9.66,1131,1382,22.28,14.0,3.1192,22.28,3.1192,9.779830373,11.44593832,163.4002747,0.420204399,CFIS_LSB.168.321.r,70.5,251.64252224419764,511.9911059446456
59083,NGC6239                      2,252.5206,42.7398,67.3831,39.7641,64.6882,52.0259,3.3,12.31,10.21,9.6,957,1169,23.23,14.0,3.2522,23.23,3.2522,9.96409842,11.54042276,175.6902229,0.433332621,CFIS_LSB.372.265.r,42.5,252.2795571131218,1073.7735796541424
59629,PGC059629                    2,256.6902,43.0003,67.9492,36.7298,61.1704,54.252,2.7,15.05,11.54,9.68,2098,2321,-99.9,-99.9,99.8001,33.15714286,9.947142857,9.741154201,11.42729406,161.0786674,0.278345322,CFIS_LSB.375.266.r,43.0,256.3738989559866,832.7787542140114
59971,UGC10803                     2,259.022,73.4358,104.8888,32.6567,34.4142,30.5828,-1.0,12.56,9.96,9.94,1255,1514,-99.9,-99.9,99.8001,21.62857143,6.488571429,10.00205567,11.56158491,178.5671817,0.473038848,CFIS_LSB.147.327.r,73.5,258.78883437309185,332.3685405950397
60393,NGC6412                      2,262.4064,75.7043,107.2318,31.2423,32.3454,28.9313,5.2,12.08,9.75,10.03,1313,1574,-99.9,-99.9,99.8001,22.48571429,6.745714286,10.11981338,11.63312594,188.646458,0.480689866,CFIS_LSB.131.331.r,75.5,261.6023601699358,1029.0385770065975
61423,UGC11124                     2,271.8646,35.564,62.1645,23.7836,52.4014,67.4814,6.0,13.47,9.88,10.11,1608,1850,-99.9,-99.9,99.8001,26.42857143,7.928571429,10.20814738,11.69487468,197.8024047,0.428825772,CFIS_LSB.443.251.r,35.5,272.0744108246499,656.4327930486966
61742,NGC6643                      2,274.9431,74.5684,105.5357,28.1747,29.1741,30.9384,5.2,10.96,8.27,10.74,1484,1756,20.89,14.0,2.9246,20.89,2.9246,10.64787688,12.21451685,294.744442,0.80840722,CFIS_LSB.147.329.r,74.5,275.03534888446023,261.671898998863
61833,NGC6654                      2,276.0313,73.1833,103.9737,27.8461,29.0883,32.3542,-0.6,12.52,8.69,10.73,1821,2095,-99.9,-99.9,99.8001,29.92857143,8.978571429,10.79217197,12.50167857,367.4228806,0.70340137,CFIS_LSB.161.326.r,73.0,275.3344413965781,983.7504867125316
69342,NGC7332                      3,339.3522,23.7983,87.3887,-29.669,314.6688,37.3657,-1.9,11.79,8.05,10.74,1172,1450,21.48,13.0,2.7924,21.48,2.7924,10.76006855,12.43474294,349.0232196,0.930985769,CFIS_LSB.620.228.r,24.0,339.3372463368745,727.7868619052082
140528,PGC140528                    2,234.0654,60.3362,94.5553,46.6862,53.1674,32.9212,-99.9,15.42,11.93,9.67,2550,2762,-99.9,-99.9,99.8001,39.45714286,11.83714286,9.736251268,11.42495095,160.7892433,0.233482512,CFIS_LSB.231.301.r,60.5,234.55417116055813,1049.8832319216756
2108986,PGC2108986                   2,225.8148,37.7661,62.3613,60.4133,81.0594,34.7338,-1.0,15.85,11.93,9.64,2548,2674,-99.9,-99.9,99.8001,38.2,11.46,9.708126726,11.41158967,159.1487502,0.238705744,CFIS_LSB.356.256.r,38.0,225.88524228291905,865.4945122007343
